RK,NAME,POSITION,TEAM,SALARY,SALARY
1,Kobe Bryant, SF,Los Angeles Lakers,25000000,"$25,000,000.00"
2,LeBron James, SF,Cleveland Cavaliers,22970500,"$22,970,500.00"
3,Carmelo Anthony, SF,New York Knicks,22875000,"$22,875,000.00"
4,Dwight Howard, C,Houston Rockets,22359364,"$22,359,364.00"
5,Chris Bosh, PF,Miami Heat,22192730,"$22,192,730.00"
6,Chris Paul, PG,LA Clippers,21468695,"$21,468,695.00"
7,Kevin Durant, SF,Oklahoma City Thunder,20158622,"$20,158,622.00"
8,Derrick Rose, PG,Chicago Bulls,20093064,"$20,093,064.00"
9,Dwyane Wade, SG,Miami Heat,20000000,"$20,000,000.00"
10,LaMarcus Aldridge, PF,San Antonio Spurs,19689000,"$19,689,000.00"
11,Kevin Love, PF,Cleveland Cavaliers,19689000,"$19,689,000.00"
12,Marc Gasol, C,Memphis Grizzlies,19688000,"$19,688,000.00"
13,Blake Griffin, PF,LA Clippers,18907726,"$18,907,726.00"
14,Paul Millsap, PF,Atlanta Hawks,18671659,"$18,671,659.00"
15,Paul George, SF,Indiana Pacers,17120106,"$17,120,106.00"
16,Russell Westbrook, PG,Oklahoma City Thunder,16744218,"$16,744,218.00"
17,Kyrie Irving, PG,Cleveland Cavaliers,16407501,"$16,407,501.00"
18,Kawhi Leonard, SF,San Antonio Spurs,16407500,"$16,407,500.00"
19,Enes Kanter, C,Oklahoma City Thunder,16407500,"$16,407,500.00"
20,Jimmy Butler, SF,Chicago Bulls,16407500,"$16,407,500.00"
21,Tobias Harris, SF,Orlando Magic,16000000,"$16,000,000.00"
22,John Wall, PG,Washington Wizards,15851950,"$15,851,950.00"
23,DeMarcus Cousins, PF,Sacramento Kings,15851950,"$15,851,950.00"
24,James Harden, SG,Houston Rockets,15756438,"$15,756,438.00"
25,Roy Hibbert, C,Los Angeles Lakers,15592217,"$15,592,217.00"
26,Eric Gordon, SG,New Orleans Pelicans,15514031,"$15,514,031.00"
27,Klay Thompson, SG,Golden State Warriors,15501000,"$15,501,000.00"
28,Gordon Hayward, SF,Utah Jazz,15409570,"$15,409,570.00"
29,Chandler Parsons, SF,Dallas Mavericks,15361500,"$15,361,500.00"
30,Goran Dragic, PG,Miami Heat,14783000,"$14,783,000.00"
31,Khris Middleton, SG,Milwaukee Bucks,14700000,"$14,700,000.00"
32,Draymond Green, PF,Golden State Warriors,14260870,"$14,260,870.00"
33,Tristan Thompson, C,Cleveland Cavaliers,14260870,"$14,260,870.00"
34,Danilo Gallinari, SF,Denver Nuggets,14000000,"$14,000,000.00"
35,Reggie Jackson, PG,Detroit Pistons,13913044,"$13,913,044.00"
36,Andrew Bogut, C,Golden State Warriors,13800000,"$13,800,000.00"
37,DeMarre Carroll, SF,Toronto Raptors,13600000,"$13,600,000.00"
38,Brandon Knight, PG,Phoenix Suns,13500000,"$13,500,000.00"
39,Eric Bledsoe, PG,Phoenix Suns,13500000,"$13,500,000.00"
40,Al Jefferson, C,Charlotte Hornets,13500000,"$13,500,000.00"
41,Tony Parker, PG,San Antonio Spurs,13437500,"$13,437,500.00"
42,Joakim Noah, C,Chicago Bulls,13400000,"$13,400,000.00"
43,Nicolas Batum, SG,Charlotte Hornets,13125306,"$13,125,306.00"
44,Tyson Chandler, C,Phoenix Suns,13000000,"$13,000,000.00"
45,Nene Hilario, C,Washington Wizards,13000000,"$13,000,000.00"
46,Ricky Rubio, PG,Minnesota Timberwolves,12700000,"$12,700,000.00"
47,Robin Lopez, C,New York Knicks,12650000,"$12,650,000.00"
48,Rudy Gay, SF,Sacramento Kings,12403101,"$12,403,101.00"
49,Serge Ibaka, PF,Oklahoma City Thunder,12250000,"$12,250,000.00"
50,Nikola Pekovic, C,Minnesota Timberwolves,12100000,"$12,100,000.00"
51,Kemba Walker, PG,Charlotte Hornets,12000000,"$12,000,000.00"
52,Al Horford, C,Atlanta Hawks,12000000,"$12,000,000.00"
53,Andre Iguodala, SF,Golden State Warriors,11710456,"$11,710,456.00"
54,Stephen Curry, PG,Golden State Warriors,11370786,"$11,370,786.00"
55,Nikola Vucevic, C,Orlando Magic,11250000,"$11,250,000.00"
56,Thaddeus Young, PF,Brooklyn Nets,11235955,"$11,235,955.00"
57,Kenneth Faried, PF,Denver Nuggets,11235955,"$11,235,955.00"
58,Marcin Gortat, C,Washington Wizards,11217391,"$11,217,391.00"
59,Tyreke Evans, SG,New Orleans Pelicans,10734586,"$10,734,586.00"
60,Jrue Holiday, PG,New Orleans Pelicans,10595507,"$10,595,507.00"
61,Brendan Haywood, C,Portland Trail Blazers,10522500,"$10,522,500.00"
62,Wilson Chandler, SF,Denver Nuggets,10449438,"$10,449,438.00"
63,Monta Ellis, SG,Indiana Pacers,10300000,"$10,300,000.00"
64,Luol Deng, SF,Miami Heat,10151612,"$10,151,612.00"
65,Gerald Wallace, SF,Philadelphia 76ers,10105855,"$10,105,855.00"
66,DeMar DeRozan, SG,Toronto Raptors,10050000,"$10,050,000.00"
67,Danny Green, SG,San Antonio Spurs,10000000,"$10,000,000.00"
68,Tiago Splitter, C,Atlanta Hawks,9756250,"$9,756,250.00"
69,Jeff Green, SF,Memphis Grizzlies,9650000,"$9,650,000.00"
70,Zach Randolph, PF,Memphis Grizzlies,9638555,"$9,638,555.00"
71,Mike Conley, PG,Memphis Grizzlies,9588426,"$9,588,426.00"
72,Rajon Rondo, PG,Sacramento Kings,9500000,"$9,500,000.00"
73,Alec Burks, SG,Utah Jazz,9463484,"$9,463,484.00"
74,Omer Asik, C,New Orleans Pelicans,9213483,"$9,213,483.00"
75,Lance Stephenson, SG,Memphis Grizzlies,9000000,"$9,000,000.00"
76,Iman Shumpert, SG,Cleveland Cavaliers,8988765,"$8,988,765.00"
77,Kevin Garnett, PF,Minnesota Timberwolves,8500000,"$8,500,000.00"
78,Taj Gibson, PF,Chicago Bulls,8500000,"$8,500,000.00"
79,Brandon Jennings, PG,Orlando Magic,8344497,"$8,344,497.00"
80,Dirk Nowitzki, PF,Dallas Mavericks,8333334,"$8,333,334.00"
81,Corey Brewer, SF,Houston Rockets,8229375,"$8,229,375.00"
82,Trevor Ariza, SF,Houston Rockets,8193030,"$8,193,030.00"
83,Channing Frye, PF,Orlando Magic,8193029,"$8,193,029.00"
84,Al-Farouq Aminu, SF,Portland Trail Blazers,8042895,"$8,042,895.00"
85,Markieff Morris, PF,Washington Wizards,8000000,"$8,000,000.00"
86,Arron Afflalo, SG,New York Knicks,8000000,"$8,000,000.00"
87,Jeff Teague, PG,Atlanta Hawks,8000000,"$8,000,000.00"
88,Ersan Ilyasova, PF,Orlando Magic,7900000,"$7,900,000.00"
89,Avery Bradley, SG,Boston Celtics,7730337,"$7,730,337.00"
90,Kosta Koufos, C,Sacramento Kings,7700000,"$7,700,000.00"
91,Boris Diaw, C,San Antonio Spurs,7500000,"$7,500,000.00"
92,Pau Gasol, C,Chicago Bulls,7448760,"$7,448,760.00"
93,Jose Calderon, PG,New York Knicks,7402812,"$7,402,812.00"
94,J.J. Redick, SG,LA Clippers,7085000,"$7,085,000.00"
95,Anthony Davis, PF,New Orleans Pelicans,7070730,"$7,070,730.00"
96,Marvin Williams, PF,Charlotte Hornets,7000000,"$7,000,000.00"
97,Louis Williams, SG,Los Angeles Lakers,7000000,"$7,000,000.00"
98,Rodney Stuckey, PG,Indiana Pacers,7000000,"$7,000,000.00"
99,Ed Davis, PF,Portland Trail Blazers,6980802,"$6,980,802.00"
100,Isaiah Thomas, PG,Boston Celtics,6912869,"$6,912,869.00"
101,Jae Crowder, SF,Boston Celtics,6796117,"$6,796,117.00"
102,Greivis Vasquez, PG,Milwaukee Bucks,6600000,"$6,600,000.00"
103,Carl Landry, PF,Philadelphia 76ers,6500000,"$6,500,000.00"
104,Aron Baynes, C,Detroit Pistons,6500000,"$6,500,000.00"
105,Patrick Beverley, PG,Houston Rockets,6486486,"$6,486,486.00"
106,Michael Kidd-Gilchrist, SF,Charlotte Hornets,6331404,"$6,331,404.00"
107,Jarrett Jack, PG,Brooklyn Nets,6300000,"$6,300,000.00"
108,Jodie Meeks, SG,Detroit Pistons,6270000,"$6,270,000.00"
109,Patrick Patterson, PF,Toronto Raptors,6268675,"$6,268,675.00"
110,Spencer Hawes, PF,Charlotte Hornets,6110034,"$6,110,034.00"
111,Marco Belinelli, SG,Sacramento Kings,6060606,"$6,060,606.00"
112,Gerald Henderson, SG,Portland Trail Blazers,6000000,"$6,000,000.00"
113,Andrew Wiggins, SF,Minnesota Timberwolves,5758680,"$5,758,680.00"
114,Kyle Korver, SG,Atlanta Hawks,5746479,"$5,746,479.00"
115,Karl-Anthony Towns, C,Minnesota Timberwolves,5703600,"$5,703,600.00"
116,Bradley Beal, SG,Washington Wizards,5694674,"$5,694,674.00"
117,Courtney Lee, SG,Charlotte Hornets,5675000,"$5,675,000.00"
118,Jamal Crawford, SG,LA Clippers,5675000,"$5,675,000.00"
119,Martell Webster, SF,Washington Wizards,5613500,"$5,613,500.00"
120,Shaun Livingston, PG,Golden State Warriors,5543725,"$5,543,725.00"
121,Josh McRoberts, PF,Miami Heat,5543725,"$5,543,725.00"
122,Nikola Mirotic, PF,Chicago Bulls,5543725,"$5,543,725.00"
123,P.J. Tucker, SF,Phoenix Suns,5500000,"$5,500,000.00"
124,Mirza Teletovic, PF,Phoenix Suns,5500000,"$5,500,000.00"
125,Brandan Wright, PF,Memphis Grizzlies,5464000,"$5,464,000.00"
126,Deron Williams, PG,Dallas Mavericks,5378974,"$5,378,974.00"
127,Tim Duncan, C,San Antonio Spurs,5250000,"$5,250,000.00"
128,Nick Young, SG,Los Angeles Lakers,5219169,"$5,219,169.00"
129,Zaza Pachulia, C,Dallas Mavericks,5200000,"$5,200,000.00"
130,Victor Oladipo, SG,Orlando Magic,5192520,"$5,192,520.00"
131,Tony Allen, SG,Memphis Grizzlies,5158539,"$5,158,539.00"
132,Jabari Parker, PF,Milwaukee Bucks,5152440,"$5,152,440.00"
133,Dion Waiters, SG,Oklahoma City Thunder,5138430,"$5,138,430.00"
134,D'Angelo Russell, PG,Los Angeles Lakers,5103120,"$5,103,120.00"
135,Chris Kaman, C,Portland Trail Blazers,5016000,"$5,016,000.00"
136,Darren Collison, PG,Sacramento Kings,5013559,"$5,013,559.00"
137,Chris Andersen, PF,Memphis Grizzlies,5000000,"$5,000,000.00"
138,C.J. Watson, PG,Orlando Magic,5000000,"$5,000,000.00"
139,Jonas Jerebko, PF,Boston Celtics,5000000,"$5,000,000.00"
140,Timofey Mozgov, C,Cleveland Cavaliers,4950000,"$4,950,000.00"
141,Trevor Booker, PF,Utah Jazz,4775000,"$4,775,000.00"
142,Otto Porter Jr., SF,Washington Wizards,4662960,"$4,662,960.00"
143,Jonas Valanciunas, C,Toronto Raptors,4660482,"$4,660,482.00"
144,Joel Embiid, C,Philadelphia 76ers,4626960,"$4,626,960.00"
145,Jahlil Okafor, C,Philadelphia 76ers,4582680,"$4,582,680.00"
146,Kyle Singler, SF,Oklahoma City Thunder,4500000,"$4,500,000.00"
147,Mike Dunleavy, SG,Chicago Bulls,4500000,"$4,500,000.00"
148,C.J. Miles, SF,Indiana Pacers,4394225,"$4,394,225.00"
149,Alexis Ajinca, C,New Orleans Pelicans,4389607,"$4,389,607.00"
150,Jared Dudley, SF,Washington Wizards,4375000,"$4,375,000.00"
151,Jameer Nelson, PG,Denver Nuggets,4345000,"$4,345,000.00"
152,Mario Chalmers, PG,Memphis Grizzlies,4300000,"$4,300,000.00"
153,Jason Smith, PF,Orlando Magic,4300000,"$4,300,000.00"
154,J.J. Barea, PG,Dallas Mavericks,4290000,"$4,290,000.00"
155,Damian Lillard, PG,Portland Trail Blazers,4236287,"$4,236,287.00"
156,Cody Zeller, C,Charlotte Hornets,4204200,"$4,204,200.00"
157,Aaron Gordon, PF,Orlando Magic,4171680,"$4,171,680.00"
158,Kristaps Porzingis, PF,New York Knicks,4131720,"$4,131,720.00"
159,Vince Carter, SG,Memphis Grizzlies,4088019,"$4,088,019.00"
160,Devin Harris, PG,Dallas Mavericks,4053446,"$4,053,446.00"
161,Lavoy Allen, PF,Indiana Pacers,4050000,"$4,050,000.00"
162,Ian Mahinmi, C,Indiana Pacers,4000000,"$4,000,000.00"
163,Jordan Hill, PF,Indiana Pacers,4000000,"$4,000,000.00"
164,Thabo Sefolosha, SF,Atlanta Hawks,4000000,"$4,000,000.00"
165,Raymond Felton, PG,Dallas Mavericks,3950313,"$3,950,313.00"
166,Nemanja Bjelica, PF,Minnesota Timberwolves,3950001,"$3,950,001.00"
167,Harrison Barnes, SF,Golden State Warriors,3873398,"$3,873,398.00"
168,Marreese Speights, C,Golden State Warriors,3815000,"$3,815,000.00"
169,Alex Len, C,Phoenix Suns,3807120,"$3,807,120.00"
170,Dante Exum, PG,Utah Jazz,3777720,"$3,777,720.00"
171,Nick Collison, PF,Oklahoma City Thunder,3750000,"$3,750,000.00"
172,Kyle O'Quinn, C,New York Knicks,3750000,"$3,750,000.00"
173,Mario Hezonja, SG,Orlando Magic,3741480,"$3,741,480.00"
174,Patty Mills, PG,San Antonio Spurs,3578947,"$3,578,947.00"
175,Terrence Ross, SF,Toronto Raptors,3553917,"$3,553,917.00"
176,Matt Barnes, SF,Memphis Grizzlies,3542500,"$3,542,500.00"
177,Will Barton, SG,Denver Nuggets,3533333,"$3,533,333.00"
178,Nerlens Noel, PF,Philadelphia 76ers,3457800,"$3,457,800.00"
179,Marcus Smart, PG,Boston Celtics,3431040,"$3,431,040.00"
180,Evan Turner, SG,Boston Celtics,3425510,"$3,425,510.00"
181,Bojan Bogdanovic, SG,Brooklyn Nets,3425510,"$3,425,510.00"
182,Willie Cauley-Stein, C,Sacramento Kings,3398280,"$3,398,280.00"
183,Quincy Pondexter, SG,New Orleans Pelicans,3382023,"$3,382,023.00"
184,Paul Pierce, SF,LA Clippers,3376000,"$3,376,000.00"
185,Anthony Morrow, SG,Oklahoma City Thunder,3344000,"$3,344,000.00"
186,Mike Scott, PF,Atlanta Hawks,3333333,"$3,333,333.00"
187,Drew Gooden, PF,Washington Wizards,3300000,"$3,300,000.00"
188,Andre Drummond, C,Detroit Pistons,3272091,"$3,272,091.00"
189,K.J. McDaniels, SG,Houston Rockets,3189794,"$3,189,794.00"
190,Ben McLemore, SG,Sacramento Kings,3156600,"$3,156,600.00"
191,Randy Foye, SG,Oklahoma City Thunder,3135000,"$3,135,000.00"
192,Julius Randle, PF,Los Angeles Lakers,3132240,"$3,132,240.00"
193,Austin Rivers, PG,LA Clippers,3110796,"$3,110,796.00"
194,Emmanuel Mudiay, PG,Denver Nuggets,3102240,"$3,102,240.00"
195,Meyers Leonard, PF,Portland Trail Blazers,3075880,"$3,075,880.00"
196,Norris Cole, PG,New Orleans Pelicans,3036927,"$3,036,927.00"
197,Jeremy Lamb, SG,Charlotte Hornets,3034356,"$3,034,356.00"
198,Anthony Tolliver, PF,Detroit Pistons,3000000,"$3,000,000.00"
199,Brandon Bass, PF,Los Angeles Lakers,3000000,"$3,000,000.00"
200,John Henson, C,Milwaukee Bucks,2943221,"$2,943,221.00"
201,Tibor Pleiss, C,Utah Jazz,2900000,"$2,900,000.00"
202,Luis Scola, PF,Toronto Raptors,2900000,"$2,900,000.00"
203,Maurice Harkless, SF,Portland Trail Blazers,2894059,"$2,894,059.00"
204,Kentavious Caldwell-Pope, SG,Detroit Pistons,2891760,"$2,891,760.00"
205,Nik Stauskas, SG,Philadelphia 76ers,2869440,"$2,869,440.00"
206,Brian Roberts, PG,Charlotte Hornets,2854940,"$2,854,940.00"
207,Kirk Hinrich, SG,Chicago Bulls,2854940,"$2,854,940.00"
208,Dante Cunningham, PF,New Orleans Pelicans,2850000,"$2,850,000.00"
209,Stanley Johnson, SF,Detroit Pistons,2841960,"$2,841,960.00"
210,Furkan Aldemir, PF,Philadelphia 76ers,2836768,"$2,836,768.00"
211,Omri Casspi, SF,Sacramento Kings,2836186,"$2,836,186.00"
212,Sonny Weems, SG,Phoenix Suns,2814000,"$2,814,000.00"
213,Manu Ginobili, SG,San Antonio Spurs,2814000,"$2,814,000.00"
214,Kevin Seraphin, C,New York Knicks,2814000,"$2,814,000.00"
215,Darrell Arthur, PF,Denver Nuggets,2814000,"$2,814,000.00"
216,Luke Ridnour, PG,Toronto Raptors,2750000,"$2,750,000.00"
217,Trey Burke, PG,Utah Jazz,2658240,"$2,658,240.00"
218,Noah Vonleh, PF,Portland Trail Blazers,2637720,"$2,637,720.00"
219,Tyler Zeller, C,Boston Celtics,2616975,"$2,616,975.00"
220,Frank Kaminsky III, C,Charlotte Hornets,2612520,"$2,612,520.00"
221,Jared Sullinger, C,Boston Celtics,2569260,"$2,569,260.00"
222,C.J. McCollum, SG,Portland Trail Blazers,2525160,"$2,525,160.00"
223,Elfrid Payton, PG,Orlando Magic,2505720,"$2,505,720.00"
224,Leandro Barbosa, SG,Golden State Warriors,2500000,"$2,500,000.00"
225,Joel Anthony, C,Detroit Pistons,2500000,"$2,500,000.00"
226,James Johnson, PF,Toronto Raptors,2500000,"$2,500,000.00"
227,Terrence Jones, PF,Houston Rockets,2489530,"$2,489,530.00"
228,Justise Winslow, SF,Miami Heat,2481720,"$2,481,720.00"
229,Shelvin Mack, PG,Utah Jazz,2433333,"$2,433,333.00"
230,Michael Carter-Williams, PG,Milwaukee Bucks,2399040,"$2,399,040.00"
231,Andrew Nicholson, PF,Orlando Magic,2380593,"$2,380,593.00"
232,Doug McDermott, SF,Chicago Bulls,2380440,"$2,380,440.00"
233,Myles Turner, C,Indiana Pacers,2357760,"$2,357,760.00"
234,Evan Fournier, SG,Orlando Magic,2288205,"$2,288,205.00"
235,Donatas Motiejunas, PF,Houston Rockets,2288205,"$2,288,205.00"
236,Steven Adams, C,Oklahoma City Thunder,2279040,"$2,279,040.00"
237,Aaron Brooks, PG,Chicago Bulls,2250000,"$2,250,000.00"
238,Trey Lyles, PF,Utah Jazz,2239800,"$2,239,800.00"
239,Ramon Sessions, PG,Washington Wizards,2170465,"$2,170,465.00"
240,Danny Granger, SF,Detroit Pistons,2170465,"$2,170,465.00"
241,Beno Udrih, PG,Memphis Grizzlies,2170465,"$2,170,465.00"
242,Steve Blake, PG,Detroit Pistons,2170465,"$2,170,465.00"
243,Kelly Olynyk, C,Boston Celtics,2165160,"$2,165,160.00"
244,Zach LaVine, PG,Minnesota Timberwolves,2148360,"$2,148,360.00"
245,Kendall Marshall, PG,Philadelphia 76ers,2144772,"$2,144,772.00"
246,Jeremy Lin, PG,Charlotte Hornets,2139000,"$2,139,000.00"
247,Gary Neal, PG,Washington Wizards,2139000,"$2,139,000.00"
248,Devin Booker, SG,Phoenix Suns,2127840,"$2,127,840.00"
249,Miles Plumlee, C,Milwaukee Bucks,2109294,"$2,109,294.00"
250,Mo Williams, PG,Cleveland Cavaliers,2100000,"$2,100,000.00"
251,David Lee, PF,Dallas Mavericks,2085671,"$2,085,671.00"
252,Shabazz Muhammad, SF,Minnesota Timberwolves,2056920,"$2,056,920.00"
253,Joe Ingles, SF,Utah Jazz,2050000,"$2,050,000.00"
254,TJ Warren, SF,Phoenix Suns,2041080,"$2,041,080.00"
255,Perry Jones, SF,Boston Celtics,2038206,"$2,038,206.00"
256,Cameron Payne, PG,Oklahoma City Thunder,2021520,"$2,021,520.00"
257,Festus Ezeli, C,Golden State Warriors,2008748,"$2,008,748.00"
258,DeJuan Blair, C,Washington Wizards,2000000,"$2,000,000.00"
259,Kent Bazemore, SF,Atlanta Hawks,2000000,"$2,000,000.00"
260,Giannis Antetokounmpo, SF,Milwaukee Bucks,1953960,"$1,953,960.00"
261,Adreian Payne, PF,Minnesota Timberwolves,1938840,"$1,938,840.00"
262,Kelly Oubre Jr., SF,Washington Wizards,1920240,"$1,920,240.00"
263,Lucas Nogueira, C,Toronto Raptors,1842000,"$1,842,000.00"
264,Jusuf Nurkic, C,Denver Nuggets,1842000,"$1,842,000.00"
265,Terry Rozier, PG,Boston Celtics,1824360,"$1,824,360.00"
266,Dennis Schroder, PG,Atlanta Hawks,1763400,"$1,763,400.00"
267,James Young, SG,Boston Celtics,1749840,"$1,749,840.00"
268,Rashad Vaughn, SG,Milwaukee Bucks,1733040,"$1,733,040.00"
269,Ryan Kelly, PF,Los Angeles Lakers,1724250,"$1,724,250.00"
270,Joffrey Lauvergne, C,Denver Nuggets,1709719,"$1,709,719.00"
271,Zoran Dragic, SG,Boston Celtics,1706225,"$1,706,225.00"
272,Tyler Ennis, PG,Milwaukee Bucks,1662360,"$1,662,360.00"
273,Sam Dekker, SF,Houston Rockets,1646400,"$1,646,400.00"
274,Lance Thomas, SF,New York Knicks,1636842,"$1,636,842.00"
275,Lou Amundson, PF,New York Knicks,1635476,"$1,635,476.00"
276,Sergey Karasev, SG,Brooklyn Nets,1599840,"$1,599,840.00"
277,Gary Harris, SG,Denver Nuggets,1584480,"$1,584,480.00"
278,Jerian Grant, PG,New York Knicks,1572360,"$1,572,360.00"
279,Tony Snell, SG,Chicago Bulls,1535880,"$1,535,880.00"
280,Bruno Caboclo, SF,Toronto Raptors,1524000,"$1,524,000.00"
281,Delon Wright, PG,Toronto Raptors,1509360,"$1,509,360.00"
282,Shane Larkin, PG,Brooklyn Nets,1500000,"$1,500,000.00"
283,Wayne Ellington, SG,Brooklyn Nets,1500000,"$1,500,000.00"
284,David West, PF,San Antonio Spurs,1499187,"$1,499,187.00"
285,Gorgui Dieng, PF,Minnesota Timberwolves,1474440,"$1,474,440.00"
286,Mitch McGary, PF,Oklahoma City Thunder,1463040,"$1,463,040.00"
287,Caron Butler, SF,Sacramento Kings,1449187,"$1,449,187.00"
288,Justin Anderson, SG,Dallas Mavericks,1449000,"$1,449,000.00"
289,Mason Plumlee, C,Portland Trail Blazers,1415520,"$1,415,520.00"
290,Jordan Adams, SG,Memphis Grizzlies,1404600,"$1,404,600.00"
291,Bobby Portis, PF,Chicago Bulls,1391160,"$1,391,160.00"
292,Andrea Bargnani, C,Brooklyn Nets,1362897,"$1,362,897.00"
293,Solomon Hill, SF,Indiana Pacers,1358880,"$1,358,880.00"
294,Rodney Hood, SG,Utah Jazz,1348440,"$1,348,440.00"
295,Rondae Hollis-Jefferson, SF,Brooklyn Nets,1335480,"$1,335,480.00"
296,Alonzo Gee, SF,New Orleans Pelicans,1320000,"$1,320,000.00"
297,Tim Hardaway Jr., SG,Atlanta Hawks,1304520,"$1,304,520.00"
298,Nikola Jokic, PF,Denver Nuggets,1300000,"$1,300,000.00"
299,Shabazz Napier, PG,Orlando Magic,1294440,"$1,294,440.00"
300,Tyus Jones, PG,Minnesota Timberwolves,1282080,"$1,282,080.00"
301,Sasha Kaun, C,Cleveland Cavaliers,1276000,"$1,276,000.00"
302,Brandon Rush, SG,Golden State Warriors,1270964,"$1,270,964.00"
303,Cartier Martin, PF,Detroit Pistons,1270964,"$1,270,964.00"
304,Reggie Bullock, SF,Detroit Pistons,1252440,"$1,252,440.00"
305,Clint Capela, C,Houston Rockets,1242720,"$1,242,720.00"
306,Jarell Martin, PF,Memphis Grizzlies,1230840,"$1,230,840.00"
307,Andre Roberson, SF,Oklahoma City Thunder,1210800,"$1,210,800.00"
308,P.J. Hairston, SF,Charlotte Hornets,1201440,"$1,201,440.00"
309,Boban Marjanovic, C,San Antonio Spurs,1200000,"$1,200,000.00"
310,Earl Clark, SF,Brooklyn Nets,1185784,"$1,185,784.00"
311,Reggie Williams, SF,New Orleans Pelicans,1185784,"$1,185,784.00"
312,Rudy Gobert, C,Utah Jazz,1175880,"$1,175,880.00"
313,Jordan Mickey, PF,Boston Celtics,1170960,"$1,170,960.00"
314,Toney Douglas, PG,New Orleans Pelicans,1164858,"$1,164,858.00"
315,Archie Goodwin, SG,Phoenix Suns,1160160,"$1,160,160.00"
316,CJ Wilcox, SG,LA Clippers,1159680,"$1,159,680.00"
317,Larry Nance Jr., PF,Los Angeles Lakers,1155600,"$1,155,600.00"
318,Chris Copeland, SF,Milwaukee Bucks,1150000,"$1,150,000.00"
319,Damjan Rudez, SF,Minnesota Timberwolves,1149500,"$1,149,500.00"
320,R.J. Hunter, SG,Boston Celtics,1148640,"$1,148,640.00"
321,Matthew Dellavedova, PG,Cleveland Cavaliers,1147276,"$1,147,276.00"
322,Kyle Anderson, SG,San Antonio Spurs,1142880,"$1,142,880.00"
323,Josh Huestis, SF,Oklahoma City Thunder,1140240,"$1,140,240.00"
324,Chris McCullough, PF,Brooklyn Nets,1140240,"$1,140,240.00"
325,Kevon Looney, SF,Golden State Warriors,1131960,"$1,131,960.00"
326,Luke Babbitt, SF,New Orleans Pelicans,1100602,"$1,100,602.00"
327,Cole Aldrich, C,LA Clippers,1100602,"$1,100,602.00"
328,Garrett Temple, SG,Washington Wizards,1100602,"$1,100,602.00"
329,Jeremy Evans, SF,Dallas Mavericks,1100602,"$1,100,602.00"
330,Glenn Robinson III, SG,Indiana Pacers,1100000,"$1,100,000.00"
331,Richaun Holmes, PF,Philadelphia 76ers,1074169,"$1,074,169.00"
332,Jon Leuer, PF,Phoenix Suns,1035000,"$1,035,000.00"
333,James Anderson, SG,Sacramento Kings,1015421,"$1,015,421.00"
334,Joey Dorsey, PF,Barcelona FC Barcelona,1015421,"$1,015,421.00"
335,E'Twaun Moore, SG,Chicago Bulls,1015421,"$1,015,421.00"
336,Rakeem Christmas, PF,Indiana Pacers,1007026,"$1,007,026.00"
337,Joe Young, PG,Indiana Pacers,1007026,"$1,007,026.00"
338,Robert Covington, SF,Philadelphia 76ers,1000000,"$1,000,000.00"
339,Montrezl Harrell, PF,Houston Rockets,1000000,"$1,000,000.00"
340,Kris Humphries, PF,Washington Wizards,1000000,"$1,000,000.00"
341,Walter Tavares, C,Atlanta Hawks,1000000,"$1,000,000.00"
342,John Jenkins, SG,Phoenix Suns,981348,"$981,348.00"
343,Jerel McNeal, SG,Phoenix Suns,981348,"$981,348.00"
344,Quincy Miller, SF,Brooklyn Nets,981348,"$981,348.00"
345,Quincy Acy, SF,Sacramento Kings,981348,"$981,348.00"
346,Chris Johnson, SF,Utah Jazz,981348,"$981,348.00"
347,Thomas Robinson, PF,Brooklyn Nets,981348,"$981,348.00"
348,Robert Sacre, C,Los Angeles Lakers,981348,"$981,348.00"
349,Pablo Prigioni, PG,LA Clippers,947726,"$947,726.00"
350,Ronnie Price, PG,Phoenix Suns,947276,"$947,276.00"
351,Anthony Bennett, PF,Toronto Raptors,947276,"$947,276.00"
352,Donald Sloan, PG,Brooklyn Nets,947276,"$947,276.00"
353,Tyler Hansbrough, PF,Charlotte Hornets,947276,"$947,276.00"
354,Damien Wilkins, SG,Charlotte Hornets,947276,"$947,276.00"
355,Jeff Withey, C,Utah Jazz,947276,"$947,276.00"
356,Grant Jerrett, PF,Portland Trail Blazers,947276,"$947,276.00"
357,Troy Daniels, SG,Charlotte Hornets,947276,"$947,276.00"
358,Isaiah Canaan, PG,Philadelphia 76ers,947276,"$947,276.00"
359,Jason Richardson, SG,Atlanta Hawks,947276,"$947,276.00"
360,Raul Neto, PG,Utah Jazz,900000,"$900,000.00"
361,Jimmer Fredette, PG,New York Knicks,874837,"$874,837.00"
362,Damien Inglis, SF,Milwaukee Bucks,855000,"$855,000.00"
363,Terrico White, SG,Phoenix Suns,845059,"$845,059.00"
364,Spencer Dinwiddie, PG,Detroit Pistons,845059,"$845,059.00"
365,Jack Cooley, SF,Cleveland Cavaliers,845059,"$845,059.00"
366,Eric Moreland, PF,Sacramento Kings,845059,"$845,059.00"
367,Elijah Millsap, SG,Utah Jazz,845059,"$845,059.00"
368,JaMychal Green, PF,Memphis Grizzlies,845059,"$845,059.00"
369,James Ennis, SF,Memphis Grizzlies,845059,"$845,059.00"
370,Russ Smith, PG,Memphis Grizzlies,845059,"$845,059.00"
371,Langston Galloway, SG,New York Knicks,845059,"$845,059.00"
372,Kostas Papanikolaou, SF,Denver Nuggets,800321,"$800,321.00"
373,Bryce Cotton, PG,Memphis Grizzlies,700902,"$700,902.00"
374,Anthony Brown, SF,Los Angeles Lakers,700000,"$700,000.00"
375,Norman Powell, SG,Toronto Raptors,650000,"$650,000.00"
376,Pat Connaughton, SG,Portland Trail Blazers,625093,"$625,093.00"
377,Darrun Hilliard, SG,Detroit Pistons,600000,"$600,000.00"
378,Jarell Eddie, SG,Washington Wizards,561716,"$561,716.00"
379,Josh Richardson, SG,Miami Heat,525093,"$525,093.00"
380,Corey Hawkins, PG,Miami Heat,525093,"$525,093.00"
381,Kyle Casey, SF,Phoenix Suns,525093,"$525,093.00"
382,Deonte Burton, PG,Phoenix Suns,525093,"$525,093.00"
383,Aaron Harrison, SG,Charlotte Hornets,525093,"$525,093.00"
384,Christian Wood, PF,Philadelphia 76ers,525093,"$525,093.00"
385,Treveon Graham, SG,Charlotte Hornets,525093,"$525,093.00"
386,Jarrid Famous, PF,Memphis Grizzlies,525093,"$525,093.00"
387,Ronald Roberts Jr., PF,Toronto Raptors,525093,"$525,093.00"
388,Shannon Scott, PG,Toronto Raptors,525093,"$525,093.00"
389,Terran Petteway, SG,Atlanta Hawks,525093,"$525,093.00"
390,Cristiano Felicio, PF,Chicago Bulls,525093,"$525,093.00"
391,Lamar Patterson, SG,Atlanta Hawks,525093,"$525,093.00"
392,Michael Beasley, SF,Houston Rockets,306527,"$306,527.00"
393,Steve Novak, SF,Oklahoma City Thunder,295327,"$295,327.00"
394,Anderson Varejao, C,Golden State Warriors,289755,"$289,755.00"
395,JJ Hickson, C,Washington Wizards,273038,"$273,038.00"
396,Joe Johnson, SF,Brooklyn Nets,261894,"$261,894.00"
397,JaKarr Sampson, SG,Philadelphia 76ers,258489,"$258,489.00"
398,Andre Miller, PG,San Antonio Spurs,250750,"$250,750.00"
399,Jason Thompson, PF,Toronto Raptors,245177,"$245,177.00"
400,Ryan Hollins, C,Memphis Grizzlies,239605,"$239,605.00"
401,Nazr Mohammed, C,Oklahoma City Thunder,222888,"$222,888.00"
402,Ty Lawson, PG,Indiana Pacers,211744,"$211,744.00"
403,Chase Budinger, SF,Phoenix Suns,206192,"$206,192.00"
404,Kevin Martin, SG,San Antonio Spurs,200600,"$200,600.00"
405,Marcus Thornton, SG,Washington Wizards,200600,"$200,600.00"
406,Andrew Goudelock, PG,Houston Rockets,200600,"$200,600.00"
407,Jorge Gutierrez, PG,Charlotte Hornets,189455,"$189,455.00"
408,Bryce Dejean-Jones, SG,New Orleans Pelicans,169883,"$169,883.00"
409,Tony Wroten, SG,Philadelphia 76ers,167406,"$167,406.00"
410,Sean Kilpatrick, SG,Brooklyn Nets,134215,"$134,215.00"
411,Jeff Ayres, PF,LA Clippers,111444,"$111,444.00"
412,Lorenzo Brown, PG,Phoenix Suns,111444,"$111,444.00"
413,Jordan McRae, SG,Phoenix Suns,111196,"$111,196.00"
414,Erick Green, PG,Utah Jazz,99418,"$99,418.00"
415,Alan Williams, PF,Phoenix Suns,83397,"$83,397.00"
416,Keith Appling, PG,Orlando Magic,61776,"$61,776.00"
417,Orlando Johnson, SG,Phoenix Suns,55722,"$55,722.00"
418,Phil Pressey, PG,Phoenix Suns,55722,"$55,722.00"
419,Elliot Williams, SG,Memphis Grizzlies,55722,"$55,722.00"
420,Cory Jefferson, PF,Phoenix Suns,49709,"$49,709.00"
421,Thanasis Antetokounmpo, SF,New York Knicks,30888,"$30,888.00"
Nan,Alan Anderson,NAN,NAN,1315000,"$1,315,000.00"
Nan,Alex Stepheson,NAN,NAN,50000,"$50,000.00"
Nan,Allen Crabbe,NAN,NAN,18500000,"$18,500,000.00"
Nan,Amar'e Stoudemire,NAN,NAN,1499187,"$1,499,187.00"
Nan,Amir Johnson,NAN,NAN,5500000,"$5,500,000.00"
Nan,Axel Toupane,NAN,NAN,874636,"$874,636.00"
Nan,Bismack Biyombo,NAN,NAN,17000000,"$17,000,000.00"
Nan,Branden Dawson,NAN,NAN,525093,"$525,093.00"
Nan,Briante Weber,NAN,NAN,327000,"$327,000.00"
Nan,Brook Lopez,NAN,NAN,19690000,"$19,690,000.00"
Nan,CJ McCollum,NAN,NAN,3220000,"$3,220,000.00"
Nan,CJ Miles,NAN,NAN,3700000,"$3,700,000.00"
Nan,CJ Watson,NAN,NAN,4800000,"$4,800,000.00"
Nan,Cameron Bairstow,NAN,NAN,1000000,"$1,000,000.00"
Nan,Chuck Hayes,NAN,NAN,1500000,"$1,500,000.00"
Nan,Charlie Villanueva,NAN,NAN,1500000,"$1,500,000.00"
Nan,Cleanthony Early,NAN,NAN,845059,"$845,059.00"
Nan,Cliff Alexander,NAN,NAN,874636,"$874,636.00"
Nan,Cory Joseph,NAN,NAN,7000000,"$7,000,000.00"
Nan,D.J. Augustin,NAN,NAN,3000000,"$3,000,000.00"
Nan,Dahntay Jones,NAN,NAN,3000000,"$3,000,000.00"
Nan,DeAndre Jordan,NAN,NAN,21170000,"$21,170,000.00"
Nan,Derrick Favors,NAN,NAN,6000000,"$6,000,000.00"
Nan,Derrick Williams,NAN,NAN,5000000,"$5,000,000.00"
Nan,Devyn Marble,NAN,NAN,884879,"$884,879.00"
Nan,Dewayne Dedmon,NAN,NAN,3000000,"$3,000,000.00"
Nan,Duje Dukan,NAN,NAN,525093,"$525,093.00"
Nan,Dwight Powell,NAN,NAN,8000000,"$8,000,000.00"
Nan,Elton Brand,NAN,NAN,1500000,"$1,500,000.00"
Nan,Frank Kaminsky,NAN,NAN,2613000,"$2,613,000.00"
Nan,George Hill,NAN,NAN,8000000,"$8,000,000.00"
Nan,Gerald Green,NAN,NAN,1411000,"$1,411,000.00"
Nan,Glenn Robinson,NAN,NAN,845059,"$845,059.00"
Nan,Greg Monroe,NAN,NAN,16410000,"$16,410,000.00"
Nan,Greg Smith,NAN,NAN,297912,"$297,912.00"
Nan,Hassan Whiteside,NAN,NAN,22000000,"$22,000,000.00"
Nan,Henry Sims,NAN,NAN,1000000,"$1,000,000.00"
Nan,Hollis Thompson,NAN,NAN,490180,"$490,180.00"
Nan,Ian Clark,NAN,NAN,1000000,"$1,000,000.00"
Nan,Ish Smith,NAN,NAN,6000000,"$6,000,000.00"
Nan,J.R. Smith,NAN,NAN,15690000,"$15,690,000.00"
Nan,JJ Redick,NAN,NAN,6750000,"$6,750,000.00"
Nan,JaVale McGee,NAN,NAN,1404000,"$1,404,000.00"
Nan,James Jones,NAN,NAN,1552000,"$1,552,000.00"
Nan,James Michael McAdoo,NAN,NAN,980431,"$980,431.00"
Nan,Jared Cunningham,NAN,NAN,981348,"$981,348.00"
Nan,Jarnell Stokes,NAN,NAN,980431,"$980,431.00"
Nan,Jason Terry,NAN,NAN,1552000,"$1,552,000.00"
Nan,Jerami Grant,NAN,NAN,980431,"$980,431.00"
Nan,Jerryd Bayless,NAN,NAN,8612000,"$8,612,000.00"
Nan,Joe Harris,NAN,NAN,884879,"$884,879.00"
Nan,Johnny O'Bryant,NAN,NAN,57672,"$57,672.00"
Nan,Jonathon Simmons,NAN,NAN,874636,"$874,636.00"
Nan,Jordan Clarkson,NAN,NAN,12500000,"$12,500,000.00"
Nan,Jordan Farmar,NAN,NAN,1344000,"$1,344,000.00"
Nan,Jordan Hamilton,NAN,NAN,150591,"$150,591.00"
Nan,Jose Juan Barea,NAN,NAN,3747000,"$3,747,000.00"
Nan,Josh Smith,NAN,NAN,1499000,"$1,499,000.00"
Nan,Justin Harper,NAN,NAN,845059,"$845,059.00"
Nan,Justin Holiday,NAN,NAN,947276,"$947,276.00"
Nan,KJ McDaniels,NAN,NAN,3000000,"$3,000,000.00"
Nan,Kelly Oubre,NAN,NAN,2000000,"$2,000,000.00"
Nan,Kendrick Perkins,NAN,NAN,1500000,"$1,500,000.00"
Nan,Kyle Lowry,NAN,NAN,12000000,"$12,000,000.00"
Nan,Lou Williams,NAN,NAN,6700000,"$6,700,000.00"
Nan,Luc Mbah a Moute,NAN,NAN,2200000,"$2,200,000.00"
Nan,Luis Montero,NAN,NAN,525000,"$525,000.00"
Nan,Marcelo Huertas,NAN,NAN,1500000,"$1,500,000.00"
Nan,Marcus Morris,NAN,NAN,5000000,"$5,000,000.00"
Nan,Markel Brown,NAN,NAN,980000,"$980,000.00"
Nan,Metta World Peace,NAN,NAN,1552000,"$1,552,000.00"
Nan,Mike Miller,NAN,NAN,1499000,"$1,499,000.00"
Nan,Mike Muscala,NAN,NAN,816482,"$816,482.00"
Nan,Nene,NAN,NAN,2898000,"$2,898,000.00"
Nan,O.J. Mayo,NAN,NAN,5633000,"$5,633,000.00"
Nan,Otto Porter,NAN,NAN,4470000,"$4,470,000.00"
Nan,PJ Hairston,NAN,NAN,1201000,"$1,201,000.00"
Nan,PJ Tucker,NAN,NAN,5300000,"$5,300,000.00"
Nan,RJ Hunter,NAN,NAN,1149000,"$1,149,000.00"
Nan,Rasual Butler,NAN,NAN,854389,"$854,389.00"
Nan,Ray McCallum,NAN,NAN,947276,"$947,276.00"
Nan,Richard Jefferson,NAN,NAN,2445000,"$2,445,000.00"
Nan,Ryan Anderson,NAN,NAN,18740000,"$18,740,000.00"
Nan,Salah Mejri,NAN,NAN,525093,"$525,093.00"
Nan,Sasha Vujacic,NAN,NAN,1411000,"$1,411,000.00"
Nan,Seth Curry,NAN,NAN,3028000,"$3,028,000.00"
Nan,Shayne Whittington,NAN,NAN,845059,"$845,059.00"
Nan,TJ McConnell,NAN,NAN,525093,"$525,093.00"
Nan,Tarik Black,NAN,NAN,6191000,"$6,191,000.00"
Nan,Tayshaun Prince,NAN,NAN,1499000,"$1,499,000.00"
Nan,Tim Frazier,NAN,NAN,2000000,"$2,000,000.00"
Nan,Tyler Johnson,NAN,NAN,854059,"$854,059.00"
Nan,Udonis Haslem,NAN,NAN,4000000,"$4,000,000.00"
Nan,Wesley Johnson,NAN,NAN,5628000,"$5,628,000.00"
Nan,Wesley Matthews,NAN,NAN,16410000,"$16,410,000.00"
Nan,Willie Reed,NAN,NAN,1016000,"$1,016,000.00"
Nan,Xavier Munford,NAN,NAN,874636,"$874,636.00"
Nan,Nate Robinson,NAN,NAN,44094,"$44,094.00"
Nan,Matt Bonner,NAN,NAN,1499000,"$1,499,000.00"
Nan,J.J. O'Brien,NAN,NAN,99000,"$99,000.00"
Nan,Coty Clarke,NAN,NAN,61000,"$61,000.00"
