Position,Nom,Matchs,Fautes soumises,Passes ratées,Dernières passes avant un tir,Tirs cadrés se dirigeant soit au poteau entrant soit à la barre entrante,Tirs attrappés,Tirs non cadrés,Buts,Hors jeu,Penalty raté,Interceptions,Fautes commises,But contre son camp (c.s.c) ou autogoal,Cartons jaunes,Cartons rouges,Ballons attrapés (que pour les gardiens),Penaltys attrapés (que pour les gardiens),Buts soufferts (que pour les gardiens)
MEI,Guilherme,22,18,69,2,1,5,8,4,0,0,14,16,0,2,0,0,0,0
MEI,Marlone,17,23,34,3,0,6,8,4,0,0,12,5,0,0,0,0,0,0
LAT,Carlos Cesar,20,16,55,1,0,0,3,2,0,0,36,35,0,3,0,0,0,0
MEI,Otero,9,23,14,2,1,3,8,1,0,0,9,15,0,4,0,0,0,0
GOL,Vanderlei,29,8,8,0,0,0,0,0,0,0,0,1,0,0,1,53,0,26
ZAG,Thiego,26,22,76,0,1,3,11,5,2,0,23,23,0,3,2,0,0,0
GOL,Victor,27,3,19,0,0,0,0,0,0,0,1,0,0,1,0,35,0,35
ATA,Kempes,20,23,32,2,0,10,15,7,13,0,11,45,0,2,0,0,0,0
ATA,Ananias,12,14,27,0,0,4,4,2,1,0,15,16,0,3,0,0,0,0
LAT,Dener Assunção,22,24,69,0,0,3,7,2,2,0,27,26,0,1,0,0,0,0
ATA,Grafite,25,32,49,2,1,19,15,10,31,1,5,56,0,5,0,0,0,0
ZAG,Leonardo Silva,23,39,54,0,0,3,10,0,1,0,30,31,0,3,0,0,0,0
ZAG,Juninho,29,24,94,1,1,8,11,1,0,0,49,35,1,4,0,0,0,0
LAT,Nino Paraíba,19,30,65,2,0,9,5,0,0,0,22,27,0,1,0,0,0,0
ZAG,Kannemann,8,7,10,0,0,0,0,0,1,0,9,13,0,4,0,0,0,0
LAT,Edílson,23,29,115,2,1,12,10,1,0,0,39,44,0,8,1,0,0,0
LAT,Patric,16,5,38,4,1,8,3,2,4,0,10,16,0,1,0,0,0,0
TEC,Marcelo Oliveira,29,0,0,0,0,0,0,0,0,0,0,0,0,0,0,0,0,0
ATA,Lucas Pratto,14,14,37,1,1,4,5,3,2,0,4,13,0,1,0,0,0,0
LAT,Alan Ruschel,3,3,5,1,0,0,0,0,0,0,1,3,0,0,0,0,0,0
ATA,Keno,27,51,103,5,0,12,27,9,13,0,30,22,0,3,0,0,0,0
MEI,Anselmo,10,5,20,0,0,1,3,0,0,0,18,18,0,5,0,0,0,0
LAT,Victor Luis,14,18,38,4,0,0,7,0,0,0,30,14,0,4,0,0,0,0
GOL,Weverton,23,5,15,0,0,0,0,0,0,0,0,3,0,4,0,25,0,22
ATA,Pedro Rocha,18,5,28,1,1,8,11,3,1,0,11,8,0,1,0,0,0,0
ATA,Rhayner,15,22,34,3,0,2,7,2,4,0,18,14,0,0,0,0,0,0
ATA,Clayton,22,22,48,3,0,10,10,3,5,0,12,22,0,4,0,0,0,0
ATA,Fernandinho,18,25,21,3,1,1,13,3,1,0,10,19,0,1,1,0,0,0
ZAG,Werley,15,15,25,1,0,3,0,0,1,0,18,12,0,3,0,0,0,0
GOL,Rafael,9,4,12,0,0,0,0,0,0,0,0,0,0,0,0,8,1,6
GOL,Gatito Fernández,20,4,8,0,0,0,0,0,0,0,0,0,0,1,1,29,2,23
MEI,Camacho,10,9,12,1,0,2,2,0,0,0,17,12,0,0,0,0,0,0
ATA,Marcos Junior,23,31,52,1,1,10,7,6,7,0,10,25,0,4,0,0,0,0
ZAG,Erazo,15,7,42,0,0,0,2,0,0,0,16,9,0,3,0,0,0,0
GOL,Danilo,23,8,14,0,0,0,0,0,0,0,0,0,0,3,0,42,1,36
TEC,Caio Júnior,18,0,0,0,0,0,0,0,0,0,0,0,0,0,0,0,0,0
ZAG,Emerson Santos,21,20,57,0,0,3,8,0,0,0,37,21,0,2,0,0,0,0
ATA,Lucca,16,15,35,1,0,5,12,3,2,0,6,18,0,1,0,0,0,0
GOL,Sidão,23,4,7,0,0,1,0,0,0,0,0,0,0,2,0,34,2,24
LAT,Gimenez,26,46,66,1,0,0,2,0,2,0,26,32,0,5,0,0,0,0
GOL,Jailson,12,3,11,0,0,0,0,0,0,0,0,0,0,2,0,16,0,8
LAT,Bryan,9,8,39,0,0,1,4,0,0,0,12,8,0,2,1,0,0,0
ZAG,Edu Dracena,15,16,26,0,0,3,5,0,4,0,14,22,0,4,0,0,0,0
ATA,Sassá,18,15,14,0,1,9,7,10,8,0,7,15,0,2,0,0,0,0
MEI,Lucas Lima,18,49,102,2,1,6,9,1,7,0,22,30,0,4,1,0,0,0
MEI,Paulo Roberto,11,14,31,0,0,0,1,0,0,0,23,17,0,4,0,0,0,0
ATA,Vitinho,21,38,69,4,1,5,19,6,6,0,21,38,0,6,0,0,0,0
ATA,Copete,17,21,45,4,0,4,8,6,8,0,16,44,0,5,0,0,0,0
LAT,Marcelo Oliveira,22,15,54,0,1,2,4,1,2,0,26,36,0,6,0,0,0,0
ATA,Fred,27,51,79,4,3,9,20,11,15,0,9,55,0,4,1,0,0,0
MEI,Wendel,12,22,18,1,0,4,4,3,1,0,6,23,0,4,0,0,0,0
MEI,Henrique,26,53,69,0,0,3,11,3,0,0,58,34,0,5,0,0,0,0
MEI,Osman,22,28,101,0,1,11,21,2,12,1,28,32,0,5,0,0,0,0
ATA,Dudu,26,82,108,9,1,11,8,4,8,0,19,29,0,3,0,0,0,0
ZAG,Fabián Noguera,1,0,0,0,0,0,0,0,0,0,1,1,0,0,0,0,0,0
ZAG,Pedro Geromel,23,17,58,0,1,3,5,3,2,0,38,19,0,4,0,0,0,0
LAT,Gilson,16,22,52,0,0,3,3,0,2,0,20,18,0,4,0,0,0,0
LAT,Jorge,24,30,64,0,0,2,9,2,1,0,50,23,0,4,0,0,0,0
TEC,Fábio Carille,5,0,0,0,0,0,0,0,0,0,0,0,0,0,0,0,0,0
MEI,Lucas Romero,18,16,52,0,0,0,8,0,1,0,39,31,0,5,2,0,0,0
MEI,Airton,15,48,48,0,0,1,3,0,0,0,34,30,0,6,0,0,0,0
MEI,Marquinhos Gabriel,28,43,103,3,0,9,13,5,6,1,24,19,0,3,0,0,0,0
GOL,João Ricardo,27,0,22,0,0,0,0,0,0,0,0,2,0,2,0,38,0,46
LAT,Fábio Santos,15,14,45,4,0,0,2,0,0,0,19,10,0,2,0,0,0,0
MEI,Marcelo,16,15,45,0,0,1,6,2,2,0,31,31,0,5,0,0,0,0
MEI,Hudson,18,24,20,0,0,5,10,0,0,0,53,47,0,5,0,0,0,0
ZAG,Walisson Maia,7,4,9,0,0,0,0,1,0,0,5,14,0,1,0,0,0,0
ATA,Luan,22,61,88,2,4,14,31,6,10,0,22,28,0,6,0,0,0,0
LAT,Alemão,3,3,14,0,0,1,2,0,0,0,5,12,0,0,0,0,0,0
TEC,Renato Gaúcho,4,0,0,0,0,0,0,0,0,0,0,0,0,0,0,0,0,0
LAT,César Benítez,10,6,19,0,0,0,0,0,0,0,11,10,0,3,0,0,0,0
MEI,Thiago Maia,23,24,90,1,0,1,5,0,4,0,42,41,0,3,0,0,0,0
GOL,Aranha,11,0,5,1,0,0,0,0,0,0,0,0,0,1,0,8,0,14
GOL,Wilson,30,2,12,0,0,0,0,0,0,0,0,0,0,0,0,49,0,34
TEC,Dorival Júnior,30,0,0,0,0,0,0,0,0,0,0,0,0,0,0,0,0,0
MEI,Giovanni Augusto,25,37,100,4,0,13,9,2,2,0,26,34,0,3,0,0,0,0
MEI,Cícero,27,48,83,2,0,10,18,7,12,1,24,39,0,8,0,0,0,0
ZAG,Antonio Carlos,6,6,7,0,0,0,2,0,0,0,2,11,0,2,0,0,0,0
GOL,Bruno Grassi,6,0,1,0,0,0,0,0,0,0,0,0,0,1,0,11,0,6
TEC,Jair Ventura,11,0,0,0,0,0,0,0,0,0,0,0,0,0,0,0,0,0
ZAG,Neto,3,2,5,0,0,0,0,0,0,0,2,4,0,0,0,0,0,0
LAT,Victor Ferraz,29,22,107,2,0,4,3,1,5,0,39,19,0,3,0,0,0,0
MEI,Cleber Santana,28,25,88,4,0,9,15,0,0,0,37,37,0,4,0,0,0,0
ATA,Kieza,28,54,49,2,2,15,19,8,21,0,14,54,0,8,0,0,0,0
GOL,Alex Muralha,26,5,11,0,0,0,0,0,0,0,0,0,0,1,0,37,0,24
ZAG,Vitor Hugo,28,12,57,1,0,2,5,4,1,0,20,28,0,6,0,0,0,0
LAT,Wellington Silva,24,47,74,0,1,5,4,1,2,0,56,38,0,6,0,0,0,0
MEI,Rafinha,14,18,34,1,0,2,8,2,4,0,15,8,0,2,0,0,0,0
GOL,Fernando Miguel,24,9,9,0,0,0,0,0,0,0,0,0,0,2,0,34,2,32
LAT,Ayrton,24,35,84,1,0,6,8,2,0,0,28,19,0,1,0,0,0,0
MEI,Rodrigo Lindoso,17,19,46,2,1,1,6,0,0,0,43,17,0,1,0,0,0,0
MEI,Gustavo Ferrareis,21,19,43,1,0,9,11,1,2,0,14,30,0,2,0,0,0,0
MEI,Walace,20,25,77,1,0,7,10,1,0,0,37,30,0,6,0,0,0,0
ZAG,David Braz,14,2,49,0,0,0,1,0,0,0,15,9,0,2,0,0,0,0
TEC,Eduardo Baptista,30,0,0,0,0,0,0,0,0,0,0,0,0,0,0,0,0,0
MEI,Josa,3,4,7,0,1,0,0,0,0,0,2,5,0,1,0,0,0,0
LAT,Diego Renan,28,32,113,6,2,14,16,4,1,1,47,29,0,5,1,0,0,0
TEC,Mano Menezes,14,0,0,0,0,0,0,0,0,0,0,0,0,0,0,0,0,0
GOL,Danilo Fernandes,19,3,10,0,0,0,0,0,0,0,0,0,0,1,0,25,1,18
MEI,Júnior Urso,19,22,39,0,0,6,9,3,0,0,42,15,0,3,0,0,0,0
TEC,Carpegiani,11,0,0,0,0,0,0,0,0,0,0,0,0,0,0,0,0,0
MEI,Lucho González,4,4,12,0,0,1,2,0,1,0,5,2,0,0,0,0,0,0
MEI,Maycon,14,2,39,2,1,4,3,0,0,0,7,14,0,0,0,0,0,0
LAT,Roberto,6,3,12,0,0,0,1,0,0,0,7,6,0,1,1,0,0,0
MEI,Diego,10,28,42,1,1,6,5,3,3,0,15,15,0,2,0,0,0,0
MEI,Willian Farias,26,31,57,1,0,2,7,1,0,0,52,39,0,6,0,0,0,0
ZAG,Bruno Rodrigo,26,17,46,0,1,1,14,1,1,0,26,15,0,4,0,0,0,0
LAT,Léo Moura,25,18,94,3,1,3,1,0,0,0,32,14,0,3,0,0,0,0
LAT,Diogo Mateus,11,12,35,0,0,4,3,0,0,0,13,16,0,2,0,0,0,0
MEI,Juninho,23,17,64,0,0,6,5,2,0,0,41,39,0,3,0,0,0,0
ATA,Leandro Damião,9,12,12,1,0,8,6,2,1,1,5,12,0,3,0,0,0,0
ZAG,Luccas Claro,21,15,53,1,0,1,6,2,1,0,20,22,0,8,0,0,0,0
LAT,Daniel Guedes,2,0,5,0,0,0,0,0,1,0,0,1,0,0,0,0,0,0
ATA,Iago,16,10,22,0,1,4,9,2,1,0,11,15,0,3,0,0,0,0
ZAG,Maicon,25,14,74,0,1,7,8,1,3,0,31,14,0,2,0,0,0,0
MEI,Zé Roberto,22,27,38,2,0,0,4,1,2,0,38,27,0,3,0,0,0,0
TEC,Enderson Moreira,14,0,0,0,0,0,0,0,0,0,0,0,0,0,0,0,0,0
ATA,Roger,24,23,46,4,1,10,15,7,17,0,13,29,0,5,0,0,0,0
ZAG,Balbuena,23,8,47,2,0,5,12,0,1,0,12,24,0,5,1,0,0,0
LAT,Reinaldo,28,30,114,5,1,12,16,2,1,0,33,34,0,7,0,0,0,0
LAT,Ezequiel,7,12,11,0,0,0,0,0,1,0,9,12,0,3,0,0,0,0
MEI,Arthur Maia,18,18,38,5,1,6,4,2,0,0,8,12,0,2,0,0,0,0
MEI,Cárdenas,12,18,47,1,2,1,1,0,0,0,17,20,0,1,0,0,0,0
MEI,Matheus Biteco,10,2,14,0,0,4,2,0,0,0,17,13,0,1,0,0,0,0
MEI,Raphael Veiga,14,22,31,3,0,13,13,2,2,0,9,21,0,0,0,0,0,0
MEI,Thiago Mendes,24,39,72,0,1,6,12,1,2,0,48,31,0,7,0,0,0,0
ATA,Nixon,7,14,14,0,1,1,6,0,1,0,0,8,0,0,0,0,0,0
ZAG,Léo,8,1,29,0,0,0,7,0,0,0,6,5,0,1,0,0,0,0
ATA,Richarlison,20,33,30,1,0,5,9,2,7,0,9,24,0,1,0,0,0,0
MEI,Alex,18,20,33,2,0,7,9,1,1,0,12,20,0,5,1,0,0,0
ATA,Leandro,19,18,30,2,2,8,5,3,16,0,11,25,0,4,0,0,0,0
TEC,Cuca,30,0,0,0,0,0,0,0,0,0,0,0,0,0,0,0,0,0
LAT,Marquinhos Pedroso,22,32,55,2,0,2,3,0,0,0,23,53,0,4,1,0,0,0
TEC,Zé Ricardo,27,0,0,0,0,0,0,0,0,0,0,0,0,0,0,0,0,0
TEC,Argel Fucks,26,0,0,0,0,0,0,0,0,0,0,0,0,0,0,0,0,0
MEI,Jean,27,19,85,4,0,10,17,4,2,1,31,30,0,3,0,0,0,0
ZAG,Joel Carli,9,3,21,0,0,0,1,0,1,0,9,8,0,5,0,0,0,0
LAT,Pará,19,21,55,5,1,0,6,0,3,0,23,20,0,3,0,0,0,0
LAT,Jonas,15,9,51,1,0,2,3,3,3,0,13,33,0,6,0,0,0,0
LAT,Léo Principe,5,10,17,0,0,0,0,1,0,0,8,8,0,0,1,0,0,0
LAT,Buffarini,11,26,32,0,0,2,3,0,0,0,23,27,0,5,0,0,0,0
MEI,Leandro Guerreiro,26,12,84,1,0,1,8,0,1,0,40,37,0,7,0,0,0,0
ZAG,Eduardo,5,4,7,0,0,0,1,0,0,0,3,8,0,0,0,0,0,0
MEI,Robinho,19,21,75,6,1,3,6,3,2,0,24,25,0,2,0,0,0,0
MEI,Willian Arão,29,21,109,2,0,6,23,4,0,0,69,27,1,4,0,0,0,0
MEI,João Paulo,27,15,68,0,1,8,14,1,0,0,32,43,0,7,1,0,0,0
ZAG,Nery Bareiro,10,2,16,0,0,0,2,1,0,0,5,8,0,3,1,0,0,0
MEI,Ernandes,16,26,36,2,2,0,9,0,1,0,17,15,0,2,0,0,0,0
TEC,Celso Roth,11,0,0,0,0,0,0,0,0,0,0,0,0,0,0,0,0,0
MEI,Wesley,17,20,43,0,0,4,6,1,1,0,25,24,0,3,0,0,0,0
ATA,Rodrigo Pimpão,14,6,40,1,0,3,4,1,1,0,7,17,0,2,0,0,0,0
ZAG,Marquinhos,13,9,18,0,0,1,1,0,2,0,8,17,0,3,0,0,0,0
ZAG,Fábio Ferreira,26,24,38,0,0,1,5,3,6,0,24,24,0,6,0,0,0,0
LAT,Zeca,23,15,81,0,0,4,4,3,0,0,37,26,0,7,0,0,0,0
MEI,Camilo,19,24,73,5,1,7,10,5,11,0,15,20,0,0,0,0,0,0
MEI,Jadson,12,4,28,0,0,3,2,0,1,0,10,11,0,1,0,0,0,0
ATA,Rafael Marques,18,9,23,2,0,5,2,1,2,0,7,6,0,2,0,0,0,0
ATA,Zé Eduardo,7,15,15,1,2,2,4,3,2,0,6,15,0,1,0,0,0,0
ATA,Andres Chavez,14,17,30,1,0,13,21,5,13,1,6,20,0,2,0,0,0,0
LAT,Éder Lima,7,1,12,0,0,1,2,0,0,0,5,5,0,1,0,0,0,0
TEC,Marquinhos Santos,4,0,0,0,0,0,0,0,0,0,0,0,0,0,0,0,0,0
MEI,Otávio,27,25,60,0,0,7,8,1,0,0,44,36,0,3,0,0,0,0
MEI,Gustavo Scarpa,26,56,161,7,0,17,33,7,5,0,28,18,0,2,0,0,0,0
ZAG,Wanderson,11,4,14,0,0,0,3,0,1,0,4,5,0,1,0,0,0,0
ZAG,Luiz Felipe,24,18,48,0,1,3,2,1,0,0,29,20,0,6,0,0,0,0
TEC,Levir Culpi,29,0,0,0,0,0,0,0,0,0,0,0,0,0,0,0,0,0
MEI,Thiago Santos,19,16,28,1,0,1,3,1,4,0,42,45,0,7,0,0,0,0
MEI,Ariel Cabral,17,12,43,0,0,0,6,0,0,0,16,25,0,3,0,0,0,0
ATA,Magno Alves,18,8,19,5,1,4,6,1,3,0,4,5,0,0,0,0,0,0
GOL,Walter,12,1,4,0,0,0,0,0,0,0,0,0,0,0,0,20,0,10
ZAG,Messias,2,1,5,0,0,0,1,0,0,0,1,2,0,0,0,0,0,0
MEI,Jean Carlos,2,3,3,0,0,1,1,0,0,0,0,1,0,0,0,0,0,0
ZAG,Thiago Heleno,26,19,56,0,0,5,7,3,0,0,18,16,0,5,0,0,0,0
MEI,Matheus Rossetto,11,4,19,0,0,0,1,1,1,0,7,4,0,0,0,0,0,0
TEC,Paulo Autuori,30,0,0,0,0,0,0,0,0,0,0,0,0,0,0,0,0,0
MEI,João Paulo,27,60,130,2,1,14,12,2,0,0,46,38,0,4,0,0,0,0
ATA,Wellington,12,41,35,1,1,4,3,1,9,0,13,7,0,4,0,0,0,0
ATA,Rodney Wallace,19,12,53,3,0,4,6,3,1,0,26,34,0,4,0,0,0,0
ZAG,Rodrigo Caio,12,8,12,0,1,1,3,0,1,0,10,13,1,1,0,0,0,0
LAT,Renan Lodi,1,1,7,0,0,0,0,0,0,0,2,1,0,0,0,0,0,0
TEC,Doriva,10,0,0,0,0,0,0,0,0,0,0,0,0,0,0,0,0,0
MEI,Matheus Jesus,20,15,25,0,0,5,2,0,2,0,18,28,0,5,0,0,0,0
ATA,Guilherme Schettine,2,1,1,0,0,1,0,0,0,0,0,1,0,0,0,0,0,0
TEC,Ricardo Gomes,28,0,0,0,0,0,0,0,0,0,0,0,0,0,0,0,0,0
MEI,Juan,22,46,92,6,1,8,10,4,4,1,37,27,0,2,1,0,0,0
MEI,Pierre,12,10,16,0,0,0,1,0,0,0,28,29,0,4,0,0,0,0
LAT,Uendel,26,14,92,3,0,7,2,2,3,0,25,18,0,2,0,0,0,0
MEI,Hyoran,15,16,34,1,0,10,4,2,0,0,11,18,0,2,0,0,0,0
MEI,Marquinho,10,11,6,0,0,0,4,1,0,0,4,3,0,1,0,0,0,0
MEI,Rafael Carioca,23,24,52,0,0,1,1,1,0,0,52,38,0,5,0,0,0,0
MEI,Douglas,26,29,140,4,1,11,13,4,2,0,18,33,0,3,0,0,0,0
MEI,Matheusinho,14,14,23,1,0,0,4,0,0,0,4,12,0,0,0,0,0,0
ZAG,Henrique,28,17,34,0,1,4,7,0,2,0,20,17,0,4,0,0,0,0
MEI,Ramiro,19,17,37,0,0,4,4,0,1,0,23,27,0,4,2,0,0,0
ATA,William Pottker,23,14,36,2,0,9,14,10,4,0,10,16,0,3,1,0,0,0
ATA,Eduardo Sasha,25,37,61,0,2,15,15,4,7,0,20,13,0,4,0,0,0,0
ATA,Pablo,26,17,81,0,1,10,19,6,9,0,18,40,0,5,0,0,0,0
MEI,Lincoln,8,9,9,1,0,0,2,0,0,0,3,5,0,1,1,0,0,0
MEI,Seijas,15,28,52,0,0,5,8,4,1,0,9,15,0,2,0,0,0,0
MEI,Maicon,17,25,73,1,0,5,5,0,1,0,36,34,0,5,0,0,0,0
ATA,Bruno Moraes,16,8,9,1,0,2,0,3,6,0,0,7,0,1,0,0,0,0
ATA,Neilton,27,53,87,2,0,14,17,8,10,1,24,32,0,1,0,0,0,0
ZAG,Rafael Vaz,23,12,118,1,0,7,13,0,0,0,22,8,0,2,0,0,0,0
ZAG,Ronaldo Alves,12,10,32,1,0,2,1,0,0,0,12,10,0,2,0,0,0,0
MEI,David,10,5,16,0,0,2,1,1,4,0,3,9,0,0,0,0,0,0
MEI,Rodriguinho,22,37,71,2,1,9,15,2,0,0,26,29,0,3,0,0,0,0
ATA,Vander,23,37,43,1,0,6,8,3,4,0,13,19,0,7,1,0,0,0
ATA,Róger Guedes,26,47,71,4,0,15,20,4,3,0,20,23,0,4,0,0,0,0
MEI,Everton,25,27,66,5,0,8,12,2,13,0,31,37,0,5,1,0,0,0
MEI,Tchê Tchê,29,34,81,2,0,3,11,1,3,0,35,33,0,4,0,0,0,0
MEI,Renato,30,21,100,3,0,4,2,2,1,0,46,25,0,2,0,0,0,0
MEI,Clayson,25,36,78,2,1,12,11,3,9,0,20,40,0,7,1,0,0,0
ATA,Rafael Sobis,16,32,44,2,1,17,17,3,1,0,14,11,0,5,0,0,0,0
MEI,Lucas Fernandes,5,1,6,1,0,5,0,1,0,0,3,4,0,1,0,0,0,0
MEI,Danilo,6,6,12,0,0,2,0,1,0,0,2,3,0,0,0,0,0,0
MEI,Dener,0,0,0,0,0,0,0,0,0,0,0,0,0,0,0,0,0,0
MEI,Elicarlos,18,22,37,0,0,0,2,0,0,0,29,17,0,3,0,0,0,0
MEI,Dátolo,6,0,3,1,0,0,2,0,0,0,4,2,0,0,0,0,0,0
MEI,Martinuccio,7,3,10,1,0,0,1,1,0,0,1,2,0,1,0,0,0,0
MEI,Fernando Bob,18,19,53,0,0,1,1,1,0,0,35,55,0,8,1,0,0,0
MEI,Vitor Bueno,27,40,92,3,3,18,18,10,3,0,29,23,0,2,0,0,0,0
MEI,Marcos Vinícius,5,0,4,0,0,1,1,0,0,0,0,1,0,0,0,0,0,0
MEI,Rodrigo Figueiredo,0,0,0,0,0,0,0,0,0,0,0,0,0,0,0,0,0,0
MEI,Wellington,0,0,0,0,0,0,0,0,0,0,0,0,0,0,0,0,0,0
MEI,Alípio,8,3,11,1,0,0,0,0,0,0,2,5,0,1,0,0,0,0
MEI,Leandro Domingues,9,8,12,2,0,3,2,1,2,0,1,11,0,0,0,0,0,0
MEI,Maicosuel,12,18,25,1,0,2,4,2,0,0,10,11,0,1,0,0,0,0
MEI,Michael Ortega,6,1,5,0,0,0,1,0,0,0,2,4,0,0,0,0,0,0
MEI,Nicolas,10,10,32,1,0,1,2,0,0,0,10,11,0,0,0,0,0,0
MEI,Alison,1,0,1,0,0,0,1,0,0,0,0,0,0,0,0,0,0,0
MEI,Moisés,4,0,0,0,0,0,0,0,0,0,3,3,0,0,0,0,0,0
MEI,Pisano,13,9,30,0,0,4,2,2,3,0,12,15,0,3,0,0,0,0
MEI,Alan Santos,14,7,26,0,0,3,5,1,0,0,14,31,0,4,0,0,0,0
MEI,Josimar,23,25,59,1,1,2,9,0,1,0,40,54,0,8,0,0,0,0
MEI,Ederson,8,12,7,0,1,4,2,1,0,0,6,9,0,2,0,0,0,0
MEI,Bady,18,16,55,1,0,2,14,2,0,0,12,16,0,2,0,0,0,0
MEI,Derley,12,12,16,1,0,1,3,0,0,0,18,30,0,5,1,0,0,0
MEI,Fernandes,17,12,44,1,1,5,6,2,3,0,25,21,0,2,0,0,0,0
MEI,Fernando Medeiros,1,0,2,0,0,0,0,0,0,0,0,0,0,0,0,0,0,0
MEI,Lucas Paquetá,0,0,0,0,0,0,0,0,0,0,0,0,0,0,0,0,0,0
MEI,Gregore,0,0,0,0,0,0,0,0,0,0,0,0,0,0,0,0,0,0
MEI,Artur,4,3,9,0,0,0,0,0,0,0,8,4,0,0,0,0,0,0
MEI,Denilson,2,1,0,0,0,0,0,0,0,0,1,1,0,0,0,0,0,0
MEI,Anderson,14,6,29,1,1,0,1,1,0,0,8,8,0,1,0,0,0,0
MEI,Abuda,6,1,8,0,0,2,0,0,0,0,7,8,0,1,0,0,0,0
MEI,Lizio,0,0,0,0,0,0,0,0,0,0,0,0,0,0,0,0,0,0
MEI,Balbino,0,0,0,0,0,0,0,0,0,0,0,0,0,0,0,0,0,0
MEI,Bruno Ramires,14,7,32,0,0,2,4,0,2,0,21,18,0,3,0,0,0,0
MEI,Ronaldo,0,0,0,0,0,0,0,0,0,0,0,0,0,0,0,0,0,0
MEI,Adryan,3,2,3,0,0,0,0,0,0,0,0,1,0,0,0,0,0,0
MEI,Leandrinho,0,0,0,0,0,0,0,0,0,0,0,0,0,0,0,0,0,0
MEI,Andrigo,10,9,21,1,0,4,6,0,0,0,6,19,0,2,0,0,0,0
MEI,Arthur,0,0,0,0,0,0,0,0,0,0,0,0,0,0,0,0,0,0
MEI,Giovanny,10,6,9,0,0,5,3,0,0,0,2,3,0,1,0,0,0,0
MEI,Yan,1,0,0,0,0,1,0,0,0,0,0,0,0,0,0,0,0,0
MEI,Igor,0,0,0,0,0,0,0,0,0,0,0,0,0,0,0,0,0,0
MEI,Vinícius,0,0,0,0,0,0,0,0,0,0,0,0,0,0,0,0,0,0
MEI,Claudio Aquino,1,0,3,0,0,0,0,0,0,0,2,0,0,0,0,0,0,0
MEI,Arouca,2,1,2,0,0,0,0,0,0,0,2,4,0,2,0,0,0,0
MEI,Serginho,16,34,40,0,0,2,8,1,0,0,29,33,0,6,0,0,0,0
MEI,Élber,13,19,27,1,1,3,6,2,5,0,14,1,0,0,0,0,0,0
MEI,Jefferson,17,18,55,2,0,1,2,0,0,0,28,19,0,2,0,0,0,0
MEI,Alex,3,3,4,0,0,2,1,0,0,0,2,1,0,0,0,0,0,0
MEI,João Pedro,4,2,6,1,0,1,0,0,0,0,0,0,0,0,0,0,0,0
MEI,Fabrício,0,0,0,0,0,0,0,0,0,0,0,0,0,0,0,0,0,0
MEI,Pablo,0,0,0,0,0,0,0,0,0,0,0,0,0,0,0,0,0,0
MEI,Daniel,5,4,6,0,0,0,0,0,0,0,3,1,0,0,0,0,0,0
MEI,Rafael Longuine,5,6,8,0,0,0,2,0,1,0,1,4,0,1,0,0,0,0
MEI,Tontini,0,0,0,0,0,0,0,0,0,0,0,0,0,0,0,0,0,0
MEI,Vitinho,2,0,1,0,0,0,0,0,0,0,2,2,0,0,0,0,0,0
MEI,Diego Lopes,4,4,4,0,0,1,0,0,0,0,1,1,0,0,0,0,0,0
MEI,Victor Feitosa,0,0,0,0,0,0,0,0,0,0,0,0,0,0,0,0,0,0
MEI,Nikão,12,13,51,2,1,7,5,1,4,0,13,15,0,1,0,0,0,0
MEI,Yago,6,0,0,0,0,0,0,0,0,0,1,4,0,0,0,0,0,0
MEI,Guilherme Amorim,0,0,0,0,0,0,0,0,0,0,0,0,0,0,0,0,0,0
MEI,Matheus Sales,10,11,9,0,0,0,5,0,0,0,10,17,0,2,0,0,0,0
MEI,João Guima,0,0,0,0,0,0,0,0,0,0,0,0,0,0,0,0,0,0
MEI,Marciel,2,2,1,0,0,0,0,0,0,0,2,1,0,1,0,0,0,0
MEI,Marcílio,4,0,9,1,0,0,1,1,0,0,8,9,0,1,0,0,0,0
MEI,Fábio,0,0,0,0,0,0,0,0,0,0,0,0,0,0,0,0,0,0
MEI,Thalis,0,0,0,0,0,0,0,0,0,0,0,0,0,0,0,0,0,0
MEI,Rafael Oller,0,0,0,0,0,0,0,0,0,0,0,0,0,0,0,0,0,0
MEI,Amaral,3,0,4,1,0,0,1,1,0,0,2,3,0,1,0,0,0,0
MEI,Amaral,18,21,43,0,0,5,10,0,0,0,22,27,0,2,0,0,0,0
MEI,Jocinei,10,10,28,1,0,4,9,0,0,0,14,12,0,1,0,0,0,0
MEI,Jair,2,6,6,0,0,0,0,0,0,0,3,2,0,1,0,0,0,0
MEI,Ruy,10,14,39,3,0,4,3,1,3,0,11,10,0,2,0,0,0,0
MEI,Neto Moura,7,8,22,0,0,2,4,0,0,0,12,7,0,1,0,0,0,0
MEI,Hyago,0,0,0,0,0,0,0,0,0,0,0,0,0,0,0,0,0,0
MEI,Kaio,4,6,3,0,0,0,0,0,0,0,3,0,0,0,0,0,0,0
MEI,Bruno Leonardo,0,0,0,0,0,0,0,0,0,0,0,0,0,0,0,0,0,0
MEI,Yan,5,2,12,0,0,0,0,0,1,0,1,4,0,0,0,0,0,0
MEI,Michel Bastos,14,3,42,2,0,8,7,0,7,0,4,10,0,2,0,0,0,0
MEI,Edinho,20,22,41,1,0,3,8,0,1,0,23,42,0,7,0,0,0,0
MEI,Diego Torres,0,0,0,0,0,0,0,0,0,0,0,0,0,0,0,0,0,0
MEI,Yago,9,15,16,0,0,1,0,0,0,0,6,16,0,1,1,0,0,0
MEI,Lucas Mineiro,2,2,3,0,0,0,0,0,0,0,3,5,0,1,0,0,0,0
MEI,Wesley Souza,0,0,0,0,0,0,0,0,0,0,0,0,0,0,0,0,0,0
MEI,Maktom,0,0,0,0,0,0,0,0,0,0,0,0,0,0,0,0,0,0
MEI,Lima,0,0,0,0,0,0,0,0,0,0,0,0,0,0,0,0,0,0
MEI,Danilo,0,0,0,0,0,0,0,0,0,0,0,0,0,0,0,0,0,0
MEI,Cristian,11,0,24,1,0,2,2,0,0,0,12,8,0,3,0,0,0,0
MEI,Léo Cittadini,12,27,26,2,0,2,0,0,0,0,25,13,0,1,0,0,0,0
MEI,Claudinei,16,9,30,0,0,0,2,0,0,0,23,9,0,0,0,0,0,0
MEI,Federico Gino,4,2,11,0,0,1,1,0,0,0,1,2,0,0,0,0,0,0
MEI,Horácio,0,0,0,0,0,0,0,0,0,0,0,0,0,0,0,0,0,0
MEI,Guilherme Xavier,5,10,8,0,0,1,3,0,0,0,3,4,0,0,0,0,0,0
MEI,Juninho,0,0,0,0,0,0,0,0,0,0,0,0,0,0,0,0,0,0
MEI,Marcus Vinicius,0,0,0,0,0,0,0,0,0,0,0,0,0,0,0,0,0,0
MEI,Gustavo Machado,0,0,0,0,0,0,0,0,0,0,0,0,0,0,0,0,0,0
MEI,Bernardo,5,1,3,0,0,1,0,0,0,0,0,0,0,0,0,0,0,0
MEI,Lucas Zen,0,0,0,0,0,0,0,0,0,0,0,0,0,0,0,0,0,0
MEI,Canteros,2,0,2,0,0,0,1,0,0,0,1,3,0,0,0,0,0,0
MEI,Fábio Braga,4,2,3,0,0,0,0,0,0,0,3,3,0,0,0,0,0,0
MEI,Nenén,1,0,0,0,0,0,0,0,0,0,0,0,0,0,0,0,0,0
MEI,Edson,17,12,29,0,0,0,9,0,2,0,29,18,0,5,0,0,0,0
MEI,Renato Bruno,0,0,0,0,0,0,0,0,0,0,0,0,0,0,0,0,0,0
MEI,Flávio,9,6,14,2,0,0,0,0,1,0,8,5,0,2,0,0,0,0
MEI,Matheus Oliveira,0,0,0,0,0,0,0,0,0,0,0,0,0,0,0,0,0,0
MEI,Carlos Eduardo,8,6,9,1,0,2,2,0,0,0,1,3,0,1,0,0,0,0
MEI,Deivid,8,18,16,1,1,0,0,1,1,0,20,20,0,1,0,0,0,0
MEI,Felipe Amorim,10,12,17,0,0,1,4,0,0,0,2,4,0,0,0,0,0,0
MEI,Cuéllar,15,8,11,1,0,1,0,0,1,0,17,12,0,0,0,0,0,0
MEI,João Schmidt,15,17,46,0,0,1,3,1,0,0,24,21,0,1,0,0,0,0
MEI,Allione,4,4,5,0,0,1,2,0,0,0,3,2,0,0,0,0,0,0
MEI,Renan Paulino,3,1,4,0,0,0,0,0,0,0,2,4,0,0,0,0,0,0
MEI,Danilo Pires,8,15,20,0,0,0,2,0,0,0,10,3,0,2,0,0,0,0
MEI,Silas,0,0,0,0,0,0,0,0,0,0,0,0,0,0,0,0,0,0
MEI,Lima,0,0,0,0,0,0,0,0,0,0,0,0,0,0,0,0,0,0
MEI,Elano,5,3,4,0,0,1,0,0,1,0,0,3,0,0,1,0,0,0
MEI,Nilton,2,1,0,0,0,0,1,0,0,0,1,0,0,0,0,0,0,0
MEI,Elton,5,3,6,0,0,0,0,0,0,0,1,6,0,1,0,0,0,0
MEI,Eduardo Henrique,11,24,16,1,0,1,3,0,0,0,13,16,0,4,0,0,0,0
MEI,Fabinho,22,37,40,1,0,3,5,0,2,0,45,31,0,3,1,0,0,0
MEI,Gegê,4,3,11,0,0,1,2,0,1,0,2,2,0,0,0,0,0,0
MEI,Williams,0,0,0,0,0,0,0,0,0,0,0,0,0,0,0,0,0,0
MEI,Ravanelli,9,10,19,1,0,2,4,0,1,0,6,8,0,2,0,0,0,0
MEI,Trindade,0,0,0,0,0,0,0,0,0,0,0,0,0,0,0,0,0,0
MEI,Cleber,0,0,0,0,0,0,0,0,0,0,0,0,0,0,0,0,0,0
MEI,Charles,0,0,0,0,0,0,0,0,0,0,0,0,0,0,0,0,0,0
MEI,Rodrigo Mancha,13,4,12,0,0,2,3,0,1,0,9,9,0,1,0,0,0,0
MEI,Jackson Caucaia,12,14,20,0,0,0,1,0,0,0,14,27,0,3,0,0,0,0
MEI,Mancuello,18,9,37,2,1,9,9,3,1,0,16,21,0,2,0,0,0,0
MEI,Moisés,0,0,0,0,0,0,0,0,0,0,0,0,0,0,0,0,0,0
MEI,Ronaldo,5,6,10,0,0,0,0,1,0,0,6,6,0,1,0,0,0,0
MEI,Raniel,0,0,0,0,0,0,0,0,0,0,0,0,0,0,0,0,0,0
MEI,Serginho,15,10,15,0,0,4,10,0,2,0,7,7,0,0,0,0,0,0
MEI,Matheusinho,0,0,0,0,0,0,0,0,0,0,0,0,0,0,0,0,0,0
MEI,Dierson,3,2,2,0,0,1,0,0,0,0,3,3,0,1,0,0,0,0
MEI,Christian Sávio,0,0,0,0,0,0,0,0,0,0,0,0,0,0,0,0,0,0
MEI,Diego Gomes,0,0,0,0,0,0,0,0,0,0,0,0,0,0,0,0,0,0
MEI,Yan Petter,0,0,0,0,0,0,0,0,0,0,0,0,0,0,0,0,0,0
MEI,Matheus,0,0,0,0,0,0,0,0,0,0,0,0,0,0,0,0,0,0
MEI,Dudu,6,3,17,0,0,1,3,0,0,0,2,4,0,0,0,0,0,0
MEI,Bruno Nazário,1,0,0,0,0,0,0,0,0,0,0,0,0,0,0,0,0,0
MEI,José Welison,9,6,19,0,0,1,4,0,0,0,7,10,0,2,0,0,0,0
MEI,Eisner Loboa,2,0,1,0,0,0,0,0,0,0,0,2,0,1,0,0,0,0
MEI,Warian Santos,0,0,0,0,0,0,0,0,0,0,0,0,0,0,0,0,0,0
MEI,Leonan,0,0,0,0,0,0,0,0,0,0,0,0,0,0,0,0,0,0
MEI,Thiago Lopes,7,2,4,0,0,0,2,0,0,0,3,1,0,0,0,0,0,0
MEI,Marlon Freitas,0,0,0,0,0,0,0,0,0,0,0,0,0,0,0,0,0,0
MEI,Ralph,0,0,0,0,0,0,0,0,0,0,0,0,0,0,0,0,0,0
MEI,Maranhão,11,7,13,0,0,3,1,1,3,0,3,7,0,3,0,0,0,0
MEI,Luan,0,0,0,0,0,0,0,0,0,0,0,0,0,0,0,0,0,0
MEI,Jean,1,0,0,0,0,0,0,0,0,0,1,1,0,0,0,0,0,0
MEI,Araújo,0,0,0,0,0,0,0,0,0,0,0,0,0,0,0,0,0,0
MEI,Gabriel,1,1,1,0,0,0,0,0,0,0,2,1,0,0,0,0,0,0
MEI,Valencia,1,1,0,0,0,0,0,0,0,0,0,0,0,0,0,0,0,0
MEI,Marquinhos,5,4,10,1,0,0,0,0,0,0,0,2,0,0,0,0,0,0
MEI,Vecchio,6,4,12,0,0,2,2,0,0,0,1,2,0,1,0,0,0,0
MEI,Luiz Araújo,16,10,23,2,1,6,8,0,3,0,13,14,0,1,0,0,0,0
MEI,Wellington Cézar,3,6,1,0,0,0,0,0,0,0,0,7,0,3,0,0,0,0
MEI,Jeferson Negueba,0,0,0,0,0,0,0,0,0,0,0,0,0,0,0,0,0,0
MEI,Íkaro,0,0,0,0,0,0,0,0,0,0,0,0,0,0,0,0,0,0
MEI,Léo Cereja,2,0,0,0,0,0,0,0,1,0,0,0,0,0,0,0,0,0
MEI,Kady,0,0,0,0,0,0,0,0,0,0,0,0,0,0,0,0,0,0
MEI,Ícaro,2,2,1,0,0,0,0,0,0,0,3,1,0,0,0,0,0,0
MEI,Rodrigo,0,0,0,0,0,0,0,0,0,0,0,0,0,0,0,0,0,0
MEI,Leandrinho,14,22,47,0,0,1,6,1,1,0,16,16,0,3,0,0,0,0
MEI,Douglas,23,26,59,1,0,3,10,1,0,0,41,57,0,6,0,0,0,0
MEI,Rodrigo Dourado,16,16,36,0,0,3,5,0,1,0,37,32,0,3,0,0,0,0
MEI,Rithely,26,39,81,1,0,3,4,2,0,0,60,56,0,1,1,0,0,0
MEI,Cazares,11,7,42,3,0,5,12,6,2,0,2,5,0,1,0,0,0,0
MEI,Everton Felipe,28,37,115,3,1,6,8,1,2,0,24,27,0,1,1,0,0,0
MEI,Márcio Araújo,28,38,60,0,0,1,3,0,0,0,61,29,0,1,1,0,0,0
MEI,Gabriel,15,19,26,0,0,3,2,2,2,0,7,5,0,0,0,0,0,0
MEI,Elvis,7,7,18,1,0,1,1,0,1,0,6,5,0,1,0,0,0,0
MEI,Gabriel,5,4,12,0,1,1,0,0,0,0,4,11,0,3,0,0,0,0
MEI,Lucas Cândido,12,12,22,0,0,7,5,0,2,0,14,24,0,3,0,0,0,0
MEI,Leandro Donizete,16,25,48,2,0,1,2,2,0,0,25,24,0,3,1,0,0,0
MEI,Bruno Silva,25,23,76,2,1,6,12,2,6,0,49,49,1,12,0,0,0,0
MEI,Gil,19,23,75,3,0,2,4,0,3,0,29,25,0,6,0,0,0,0
MEI,Thiago Galhardo,18,29,50,1,0,6,9,0,0,0,21,27,0,6,0,0,0,0
ATA,Luis Ruiz,6,8,17,2,0,1,4,1,4,0,1,4,0,1,0,0,0,0
ATA,Luan,8,13,14,0,0,2,1,0,0,0,5,9,0,2,0,0,0,0
ATA,Neto Berola,7,19,12,1,0,1,2,1,3,0,4,9,0,2,0,0,0,0
ATA,Negueba,10,26,29,1,0,5,5,1,0,0,4,7,0,3,0,0,0,0
ATA,Tiaguinho,9,12,14,1,0,2,6,3,3,0,7,13,0,0,0,0,0,0
ATA,Ytalo,12,6,11,0,1,6,6,1,1,0,8,6,0,1,0,0,0,0
ATA,Carlos,16,11,16,0,0,6,10,2,4,0,5,15,0,2,0,0,0,0
ATA,Túlio de Melo,9,1,3,0,0,4,0,1,0,0,0,2,0,0,0,0,0,0
ATA,Kleber,19,72,51,1,0,11,14,7,9,1,16,55,0,6,0,0,0,0
ATA,André Lima,20,34,39,1,0,6,9,4,5,0,15,43,0,2,0,0,0,0
ATA,Gabriel Esteves,0,0,0,0,0,0,0,0,0,0,0,0,0,0,0,0,0,0
ATA,Nico López,8,13,19,0,1,7,8,0,9,0,3,11,0,1,0,0,0,0
ATA,Marinho,21,102,83,2,1,20,20,5,12,0,21,43,0,7,0,0,0,0
ATA,Gustavo,7,4,6,1,0,2,7,0,8,0,4,20,0,1,0,0,0,0
ATA,Judivan,0,0,0,0,0,0,0,0,0,0,0,0,0,0,0,0,0,0
ATA,Wallace,0,0,0,0,0,0,0,0,0,0,0,0,0,0,0,0,0,0
ATA,Henrique Dourado,8,12,12,0,0,3,2,2,1,0,3,14,0,1,0,0,0,0
ATA,Isaac,0,0,0,0,0,0,0,0,0,0,0,0,0,0,0,0,0,0
ATA,Matheus Nolasco,4,4,2,0,0,1,0,0,0,0,2,1,0,1,0,0,0,0
ATA,Pedro,5,1,0,0,0,2,0,0,0,0,1,2,0,0,0,0,0,0
ATA,Alexis Rojas,0,0,0,0,0,0,0,0,0,0,0,0,0,0,0,0,0,0
ATA,David Neres,0,0,0,0,0,0,0,0,0,0,0,0,0,0,0,0,0,0
ATA,Henrique Almeida,13,13,5,1,0,5,2,1,2,0,3,8,0,1,0,0,0,0
ATA,Taiberson,0,0,0,0,0,0,0,0,0,0,0,0,0,0,0,0,0,0
ATA,Hyuri,11,9,9,0,0,3,4,0,4,0,7,11,0,0,0,0,0,0
ATA,Guilherme,11,8,8,0,0,0,4,0,2,0,0,4,0,0,0,0,0,0
ATA,Vitinho,1,1,1,0,0,0,0,0,0,0,0,1,0,0,0,0,0,0
ATA,Felipe Azevedo,16,21,53,1,0,6,13,5,2,1,10,12,1,1,0,0,0,0
ATA,Johnathan Goiano,0,0,0,0,0,0,0,0,0,0,0,0,0,0,0,0,0,0
ATA,Rildo,4,7,2,0,0,0,1,1,0,0,0,0,0,0,0,0,0,0
ATA,Gustavo Ramos,0,0,0,0,0,0,0,0,0,0,0,0,0,0,0,0,0,0
ATA,Rafael Silva,11,8,16,0,1,2,2,0,7,0,3,13,0,2,0,0,0,0
ATA,Thiago Santos,3,3,1,0,0,0,0,0,2,0,0,0,0,0,0,0,0,0
ATA,Sandows,1,0,0,0,0,0,0,0,0,0,0,0,0,0,0,0,0,0
ATA,Lucas Barrios,8,13,9,0,0,2,1,1,2,0,2,10,0,1,0,0,0,0
ATA,Miller Bolaños,12,10,26,0,2,10,6,1,15,0,1,26,0,2,0,0,0,0
ATA,Ángel Romero,20,53,50,4,0,10,9,4,9,0,14,25,0,3,0,0,0,0
ATA,Batista,4,0,1,0,0,1,0,0,2,0,0,1,0,0,0,0,0,0
ATA,Joanderson,0,0,0,0,0,0,0,0,0,0,0,0,0,0,0,0,0,0
ATA,Bobô,9,2,5,1,0,3,4,1,2,0,2,5,0,1,0,0,0,0
ATA,Osvaldo,10,6,19,0,0,3,2,0,3,0,7,3,0,0,0,0,0,0
ATA,Bruno Paulo,0,0,0,0,0,0,0,0,0,0,0,0,0,0,0,0,0,0
ATA,Paolo Guerrero,14,34,32,2,1,12,14,5,10,0,3,45,0,6,0,0,0,0
ATA,Joel,15,7,11,1,0,2,2,2,5,0,4,10,0,0,0,0,0,0
ATA,Ailton Canela,2,2,4,0,0,0,1,0,0,0,4,0,0,0,0,0,0,0
ATA,Alison,0,0,0,0,0,0,0,0,0,0,0,0,0,0,0,0,0,0
ATA,Luis Henrique,5,2,4,0,0,0,3,0,0,0,1,7,0,1,0,0,0,0
ATA,Lourency,8,6,7,0,0,2,1,1,1,0,5,9,0,0,0,0,0,0
ATA,João Figueiredo,3,2,1,0,0,0,1,0,0,0,0,1,0,1,0,0,0,0
ATA,Carlinhos,0,0,0,0,0,0,0,0,0,0,0,0,0,0,0,0,0,0
ATA,Wallyson,16,6,29,3,0,6,1,0,1,0,5,9,0,2,0,0,0,0
ATA,Aylon,16,14,8,1,0,4,7,4,7,0,7,14,0,2,0,0,0,0
ATA,Perotti,0,0,0,0,0,0,0,0,0,0,0,0,0,0,0,0,0,0
ATA,Luis Guilherme,0,0,0,0,0,0,0,0,0,0,0,0,0,0,0,0,0,0
ATA,Luan,4,2,2,1,0,0,1,1,0,0,3,3,0,0,0,0,0,0
ATA,Nilson,1,0,0,1,0,0,0,0,0,0,0,2,0,0,0,0,0,0
ATA,Ermel,22,43,34,1,0,7,8,2,1,0,9,22,0,0,0,0,0,0
ATA,Hugo Ragelli,0,0,0,0,0,0,0,0,0,0,0,0,0,0,0,0,0,0
ATA,Rafaelson,1,0,0,0,0,0,1,0,0,0,0,2,0,0,0,0,0,0
ATA,Luciano Cabral,6,6,7,0,0,1,1,0,0,0,2,2,0,0,0,0,0,0
ATA,Jorge Ortega,6,5,7,0,0,2,1,1,1,0,1,9,0,0,0,0,0,0
ATA,Mazinho,2,2,4,1,0,0,0,0,0,0,0,1,0,0,0,0,0,0
ATA,Leandro Pereira,8,8,3,0,0,7,5,2,3,0,1,9,0,1,0,0,0,0
ATA,Léo Tilica,2,1,3,0,0,0,0,0,0,0,0,0,0,0,0,0,0,0
ATA,Yago,6,5,9,0,0,1,1,0,0,0,0,3,0,0,0,0,0,0
ATA,Marcus Índio,0,0,0,0,0,0,0,0,0,0,0,0,0,0,0,0,0,0
ATA,Arthur Gomes,0,0,0,0,0,0,0,0,0,0,0,0,0,0,0,0,0,0
ATA,Dagoberto,17,28,43,0,1,14,17,0,5,0,7,15,0,3,0,0,0,0
ATA,Canales,9,9,13,0,0,1,3,1,2,0,1,6,0,1,0,0,0,0
ATA,Mosquito,0,0,0,0,0,0,0,0,0,0,0,0,0,0,0,0,0,0
ATA,Léo Jabá,0,0,0,0,0,0,0,0,0,0,0,0,0,0,0,0,0,0
ATA,Artur,0,0,0,0,0,0,0,0,0,0,0,0,0,0,0,0,0,0
ATA,Danilo Dias,2,3,1,0,0,0,0,0,1,0,0,1,0,0,0,0,0,0
ATA,Gilberto,5,2,6,0,0,2,1,0,1,0,2,3,0,0,0,0,0,0
ATA,Douglas Coutinho,7,1,2,1,0,2,1,1,2,0,2,2,0,1,0,0,0,0
ATA,Riascos,11,10,11,1,0,5,7,1,2,0,3,20,0,3,0,0,0,0
ATA,Walterson,2,1,0,0,0,0,0,0,0,0,0,1,0,0,0,0,0,0
ATA,Rodrigão,15,6,29,2,1,9,11,3,4,0,5,7,0,0,0,0,0,0
ATA,Evandro,10,13,17,1,1,3,1,0,1,0,3,9,0,1,0,0,0,0
ATA,Kauê,0,0,0,0,0,0,0,0,0,0,0,0,0,0,0,0,0,0
ATA,Pedro,1,1,0,0,0,0,1,0,0,0,0,0,0,0,0,0,0,0
ATA,Índio,0,0,0,0,0,0,0,0,0,0,0,0,0,0,0,0,0,0
ATA,Romário,0,0,0,0,0,0,0,0,0,0,0,0,0,0,0,0,0,0
ATA,Salgueiro,11,3,24,1,0,0,4,1,2,0,6,12,0,1,0,0,0,0
ATA,Maxi Rolón,2,1,2,0,0,0,0,0,0,0,0,0,0,0,0,0,0,0
ATA,Vinícius Bala,0,0,0,0,0,0,0,0,0,0,0,0,0,0,0,0,0,0
ATA,Edmílson,22,18,22,1,0,13,9,5,8,0,9,20,0,2,0,0,0,0
ATA,Guilherme Parede,2,2,2,0,0,0,0,0,0,0,1,3,0,1,0,0,0,0
ATA,Lucas Gomes,20,26,50,2,0,8,11,2,7,0,15,25,0,3,0,0,0,0
ATA,Nickson,3,5,3,0,0,1,0,1,0,0,4,4,0,1,0,0,0,0
ATA,Lenis,13,5,10,0,0,3,3,0,3,0,2,6,0,0,1,0,0,0
ATA,Wellington Paulista,18,11,22,3,0,3,9,2,3,0,3,18,0,3,0,0,0,0
ATA,Danilinho,6,7,6,1,0,0,0,0,0,0,6,6,0,2,0,0,0,0
ATA,Paulinho,10,9,27,0,0,3,4,2,3,0,8,5,0,2,0,0,0,0
ATA,Zé Roberto,2,2,2,0,0,0,1,0,0,0,0,0,0,0,0,0,0,0
ATA,Maurides,6,7,12,0,0,5,3,0,2,0,0,7,0,0,0,0,0,0
ATA,Sávio,11,3,8,0,0,2,4,1,0,0,5,11,0,1,0,0,0,0
ATA,Felipe Vizeu,13,13,17,0,0,4,7,5,3,0,5,14,0,0,0,0,0,0
ATA,Índio,0,0,0,0,0,0,0,0,0,0,0,0,0,0,0,0,0,0
ATA,Ailton,0,0,0,0,0,0,0,0,0,0,0,0,0,0,0,0,0,0
ATA,Anderson Aquino,6,10,8,0,2,2,1,0,8,0,3,4,0,2,0,0,0,0
ATA,Bruno Rangel,24,23,18,0,0,6,9,9,10,0,14,33,0,2,0,0,0,0
ATA,Ariel,9,11,13,0,0,7,2,1,1,0,1,13,0,3,0,0,0,0
ATA,Geovane Maranhão,0,0,0,0,0,0,0,0,0,0,0,0,0,0,0,0,0,0
ATA,Brenner,1,0,2,0,0,0,0,0,1,0,0,0,0,0,0,0,0,0
ATA,Alisson,13,13,17,2,0,3,9,3,2,0,3,13,0,2,0,0,0,0
ATA,Allano,9,12,9,0,0,1,1,0,1,0,5,9,0,0,0,0,0,0
ATA,Matheus Sávio,0,0,0,0,0,0,0,0,0,0,0,0,0,0,0,0,0,0
ATA,Matheus Pato,0,0,0,0,0,0,0,0,0,0,0,0,0,0,0,0,0,0
ATA,Capixaba,2,4,7,0,0,1,0,0,0,0,0,2,0,1,0,0,0,0
ATA,Matheus Henrique,1,0,1,0,0,0,0,0,0,0,0,0,0,0,0,0,0,0
ATA,Bruno Rodrigues,0,0,0,0,0,0,0,0,0,0,0,0,0,0,0,0,0,0
ATA,Thallyson,0,0,0,0,0,0,0,0,0,0,0,0,0,0,0,0,0,0
ATA,Filipinho,0,0,0,0,0,0,0,0,0,0,0,0,0,0,0,0,0,0
ATA,Rodrigo Ramallo,4,3,5,0,0,0,1,0,0,0,2,5,0,0,0,0,0,0
ATA,Erik,14,29,28,1,1,5,7,3,3,0,13,19,0,4,0,0,0,0
ATA,Michael,13,5,14,0,0,4,7,1,2,0,4,11,0,1,0,0,0,0
ATA,Lucas Fernandes,12,34,24,3,1,2,5,0,0,0,14,8,0,3,0,0,0,0
GOL,Marcelo Grohe,24,2,17,0,0,0,0,0,0,0,0,0,0,3,0,30,0,25
GOL,Jefferson,0,0,0,0,0,0,0,0,0,0,0,0,0,0,0,0,0,0
GOL,Fernando Prass,15,2,15,0,0,0,0,0,0,0,0,0,0,1,0,16,0,14
GOL,Cássio,19,1,6,0,0,0,0,0,0,0,0,1,0,1,0,15,1,21
GOL,Lucas Macanhan,0,0,0,0,0,0,0,0,0,0,0,0,0,0,0,0,0,0
GOL,Luiz Carlos,0,0,0,0,0,0,0,0,0,0,0,0,0,0,0,0,0,0
GOL,Saulo,0,0,0,0,0,0,0,0,0,0,0,0,0,0,0,0,0,0
GOL,Fábio,19,1,11,0,0,0,0,0,0,0,0,2,0,3,0,24,0,33
GOL,Matheus Phillipe,0,0,0,0,0,0,0,0,0,0,0,0,0,0,0,0,0,0
GOL,Keiller,0,0,0,0,0,0,0,0,0,0,0,0,0,0,0,0,0,0
GOL,Lucas Ferreira,0,0,0,0,0,0,0,0,0,0,0,0,0,0,0,0,0,0
GOL,Rodolfo,0,0,0,0,0,0,0,0,0,0,0,0,0,0,0,0,0,0
GOL,Vagner,3,0,3,0,0,0,0,0,0,0,0,1,0,0,0,2,0,5
GOL,João Paulo,0,0,0,0,0,0,0,0,0,0,0,0,0,0,0,0,0,0
GOL,Wallace,0,0,0,0,0,0,0,0,0,0,0,0,0,0,0,0,0,0
GOL,Gabriel Gasparotto,0,0,0,0,0,0,0,0,0,0,0,0,0,0,0,0,0,0
GOL,Daniel,0,0,0,0,0,0,0,0,0,0,0,0,0,0,0,0,0,0
GOL,Rafael Fachin,0,0,0,0,0,0,0,0,0,0,0,0,0,0,0,0,0,0
GOL,Léo,0,0,0,0,0,0,0,0,0,0,0,0,0,0,0,0,0,0
GOL,Lucas França,3,0,1,0,0,0,0,0,0,0,0,0,0,0,0,4,0,2
GOL,Lucão,0,0,0,0,0,0,0,0,0,0,0,0,0,0,0,0,0,0
GOL,Giovanni,1,0,0,0,0,0,0,0,0,0,0,0,0,0,0,1,0,1
GOL,Matheus Vidotto,0,0,0,0,0,0,0,0,0,0,0,0,0,0,0,0,0,0
GOL,Alisson,0,0,0,0,0,0,0,0,0,0,0,0,0,0,0,0,0,0
GOL,Jacsson,1,1,1,0,0,0,0,0,0,0,0,0,0,0,0,1,0,3
GOL,Cleiton,0,0,0,0,0,0,0,0,0,0,0,0,0,0,0,0,0,0
GOL,Tiago Cardoso,27,4,9,0,0,0,0,0,0,0,0,1,0,2,0,36,2,44
GOL,Marcelo Boeck,6,0,3,0,0,0,0,0,0,0,0,0,0,0,0,7,0,13
GOL,Diego Cavalieri,22,0,7,0,0,0,0,0,0,0,0,0,0,0,0,25,0,20
GOL,Nivaldo,0,0,0,0,0,0,0,0,0,0,0,0,0,0,0,0,0,0
GOL,Tiago,0,0,0,0,0,0,0,0,0,0,0,0,0,0,0,0,0,0
GOL,Jonathan,0,0,0,0,0,0,0,0,0,0,0,0,0,0,0,0,0,0
GOL,Rafael Martins,0,0,0,0,0,0,0,0,0,0,0,0,0,0,0,0,0,0
GOL,João Carlos,17,1,5,0,0,0,0,0,0,0,0,0,0,2,0,17,0,28
GOL,Marcos Felipe,0,0,0,0,0,0,0,0,0,0,0,0,0,0,0,0,0,0
GOL,Caíque França,1,0,0,0,0,0,0,0,0,0,0,0,0,0,0,0,0,0
GOL,Matheus Nogueira,0,0,0,0,0,0,0,0,0,0,0,0,0,0,0,0,0,0
GOL,Santos,7,0,7,0,0,0,0,0,0,0,0,0,0,1,0,7,0,5
GOL,Bruno Brígido,0,0,0,0,0,0,0,0,0,0,0,0,0,0,0,0,0,0
GOL,Glauco,0,0,0,0,0,0,0,0,0,0,0,0,0,0,0,0,0,0
GOL,Ronaldo,0,0,0,0,0,0,0,0,0,0,0,0,0,0,0,0,0,0
GOL,Marcelo Lomba,6,2,4,0,0,0,0,0,0,0,0,0,0,0,0,7,0,11
GOL,Paulo Victor,4,1,7,0,0,0,0,0,0,0,0,0,0,0,0,8,0,3
GOL,Renan Ribeiro,1,0,1,0,0,0,0,0,0,0,0,0,0,0,0,2,0,0
GOL,Thiago Rodrigues,9,2,1,0,0,0,0,0,0,0,0,0,0,0,0,17,0,11
GOL,Leo,0,0,0,0,0,0,0,0,0,0,0,0,0,0,0,0,0,0
GOL,Vinícius Silvestre,0,0,0,0,0,0,0,0,0,0,0,0,0,0,0,0,0,0
GOL,Thiago,0,0,0,0,0,0,0,0,0,0,0,0,0,0,0,0,0,0
GOL,John Victor,0,0,0,0,0,0,0,0,0,0,0,0,0,0,0,0,0,0
GOL,Agenor,5,1,2,0,0,0,0,0,0,0,0,1,0,1,0,5,0,10
GOL,Helton Leite,6,0,0,0,0,0,0,0,0,0,0,0,0,0,0,10,0,8
GOL,Matheus Inácio,2,3,1,0,0,0,0,0,0,0,0,0,0,0,0,0,0,3
GOL,Júnior Oliveira,1,0,0,0,0,0,0,0,0,0,0,0,0,0,0,1,0,0
GOL,Caíque,7,0,4,0,0,0,0,0,0,0,0,0,0,0,0,15,0,10
GOL,Vladimir,2,0,0,0,0,0,0,0,0,0,0,0,0,0,0,2,0,1
GOL,Follmann,0,0,0,0,0,0,0,0,0,0,0,0,0,0,0,0,0,0
GOL,Vitor,0,0,0,0,0,0,0,0,0,0,0,0,0,0,0,0,0,0
GOL,Gustavo,0,0,0,0,0,0,0,0,0,0,0,0,0,0,0,0,0,0
GOL,Douglas Friedrich,0,0,0,0,0,0,0,0,0,0,0,0,0,0,0,0,0,0
GOL,Elisson,0,0,0,0,0,0,0,0,0,0,0,0,0,0,0,0,0,0
GOL,Luiz Miller,0,0,0,0,0,0,0,0,0,0,0,0,0,0,0,0,0,0
GOL,Daniel,0,0,0,0,0,0,0,0,0,0,0,0,0,0,0,0,0,0
GOL,William Menezes,0,0,0,0,0,0,0,0,0,0,0,0,0,0,0,0,0,0
GOL,Uilson,2,1,4,0,0,0,0,0,0,0,0,0,0,0,0,2,0,1
GOL,César,0,0,0,0,0,0,0,0,0,0,0,0,0,0,0,0,0,0
GOL,Ivan,0,0,0,0,0,0,0,0,0,0,0,0,0,0,0,0,0,0
GOL,Magrão,26,4,12,0,0,0,0,0,0,0,0,1,0,1,1,44,0,38
GOL,Fernando Leal,3,2,1,0,0,0,0,0,0,0,0,0,0,0,1,1,0,0
ZAG,Dedé,0,0,0,0,0,0,0,0,0,0,0,0,0,0,0,0,0,0
ZAG,Gustavo Henrique,24,14,45,1,0,4,8,1,0,0,20,20,0,7,1,0,0,0
ZAG,Cleberson,4,0,7,0,0,0,0,0,1,0,0,1,0,0,0,0,0,0
ZAG,Lyanco,11,7,23,0,0,1,0,1,0,0,5,18,1,2,0,0,0,0
ZAG,Gabriel,0,0,0,0,0,0,0,0,0,0,0,0,0,0,0,0,0,0
ZAG,Roger,10,2,14,0,0,0,2,0,0,0,4,6,0,2,0,0,0,0
ZAG,Lucas Veríssimo,1,0,0,0,0,0,0,0,0,0,0,0,0,0,0,0,0,0
ZAG,Marcelo,12,10,10,1,0,1,3,0,1,0,9,11,0,2,0,0,0,0
ZAG,Guilherme Mattis,0,0,0,0,0,0,0,0,0,0,0,0,0,0,0,0,0,0
ZAG,Breno,0,0,0,0,0,0,0,0,0,0,0,0,0,0,0,0,0,0
ZAG,Victor Ramos,19,12,45,1,0,4,3,1,1,0,36,34,1,6,1,0,0,0
ZAG,Alison,13,10,26,0,0,3,2,0,1,0,9,13,0,2,0,0,0,0
ZAG,Henrique,0,0,0,0,0,0,0,0,0,0,0,0,0,0,0,0,0,0
ZAG,Kadu,12,11,16,0,0,3,1,0,0,0,11,11,1,2,0,0,0,0
ZAG,Cardoso,0,0,0,0,0,0,0,0,0,0,0,0,0,0,0,0,0,0
ZAG,Wellington,4,3,7,0,0,0,0,0,0,0,1,0,0,1,0,0,0,0
ZAG,Jorge Fellipe,0,0,0,0,0,0,0,0,0,0,0,0,0,0,0,0,0,0
ZAG,Vilson,8,3,21,0,0,2,2,1,0,0,3,14,0,2,0,0,0,0
ZAG,Wallace Reis,13,10,11,0,0,0,2,0,0,0,13,9,0,1,0,0,0,0
ZAG,Donatti,1,0,0,0,0,0,0,0,0,0,0,0,0,0,0,0,0,0
ZAG,Paulo Ricardo,0,0,0,0,0,0,0,0,0,0,0,0,0,0,0,0,0,0
ZAG,Adryelson,0,0,0,0,0,0,0,0,0,0,0,0,0,0,0,0,0,0
ZAG,Rafael Dumas,1,2,3,0,0,0,0,0,0,0,0,0,0,0,0,0,0,0
ZAG,Durval,19,13,68,0,0,2,2,1,3,0,22,28,0,5,0,0,0,0
ZAG,Douglas,0,0,0,0,0,0,0,0,0,0,0,0,0,0,0,0,0,0
ZAG,Walter Guimarães,1,1,3,0,0,0,0,0,0,0,2,0,0,0,0,0,0,0
ZAG,Léo Duarte,7,4,8,0,0,1,0,0,1,0,7,4,0,2,0,0,0,0
ZAG,Lucas Rex,0,0,0,0,0,0,0,0,0,0,0,0,0,0,0,0,0,0
ZAG,Leandro Almeida,2,3,3,0,0,1,0,0,0,0,2,8,0,0,0,0,0,0
ZAG,Henrique Mattos,0,0,0,0,0,0,0,0,0,0,0,0,0,0,0,0,0,0
ZAG,Renan Fonseca,16,10,51,0,0,1,3,0,0,0,12,11,0,2,0,0,0,0
ZAG,Douglas Grolli,18,15,29,0,1,0,1,1,4,0,11,25,0,4,0,0,0,0
ZAG,Sueliton,15,20,33,1,0,0,1,0,0,0,18,18,0,3,0,0,0,0
ZAG,Yago,15,4,13,0,0,0,6,0,0,0,11,12,1,3,1,0,0,0
ZAG,Oswaldo,3,0,6,0,0,0,0,0,0,0,1,2,0,1,0,0,0,0
ZAG,Renato Chaves,2,1,2,0,0,0,2,0,0,0,1,1,0,0,0,0,0,0
ZAG,César Martins,3,1,15,0,0,0,1,0,0,0,1,2,0,1,1,0,0,0
ZAG,Lucão,3,2,5,0,0,0,1,0,0,0,5,2,0,0,0,0,0,0
ZAG,Nathan,0,0,0,0,0,0,0,0,0,0,0,0,0,0,0,0,0,0
ZAG,Rafael Lima,7,2,8,1,0,0,1,0,1,0,8,1,0,2,0,0,0,0
ZAG,Ygor Nogueira,0,0,0,0,0,0,0,0,0,0,0,0,0,0,0,0,0,0
ZAG,Augusto,0,0,0,0,0,0,0,0,0,0,0,0,0,0,0,0,0,0
ZAG,Emerson Silva,17,13,55,0,0,1,1,0,0,0,25,24,0,1,0,0,0,0
ZAG,Oswaldo Henríquez,3,2,7,0,0,0,0,0,0,0,4,8,0,0,0,0,0,0
ZAG,Rafael Thyere,5,1,5,0,0,0,1,0,0,0,5,3,0,1,0,0,0,0
ZAG,Zé Ivaldo,0,0,0,0,0,0,0,0,0,0,0,0,0,0,0,0,0,0
ZAG,Scalon,0,0,0,0,0,0,0,0,0,0,0,0,0,0,0,0,0,0
ZAG,Lucão,0,0,0,0,0,0,0,0,0,0,0,0,0,0,0,0,0,0
ZAG,Josué,0,0,0,0,0,0,0,0,0,0,0,0,0,0,0,0,0,0
ZAG,Jesiel,0,0,0,0,0,0,0,0,0,0,0,0,0,0,0,0,0,0
ZAG,Léo Santos,0,0,0,0,0,0,0,0,0,0,0,0,0,0,0,0,0,0
ZAG,Nirley,2,2,5,0,0,0,1,0,0,0,0,2,0,0,0,0,0,0
ZAG,Henrique Trevisan,0,0,0,0,0,0,0,0,0,0,0,0,0,0,0,0,0,0
ZAG,Rak,0,0,0,0,0,0,0,0,0,0,0,0,0,0,0,0,0,0
ZAG,Roger Carvalho,0,0,0,0,0,0,0,0,0,0,0,0,0,0,0,0,0,0
ZAG,Demerson,3,1,7,0,0,0,0,0,0,0,1,0,0,0,0,0,0,0
ZAG,Filipe Machado,13,13,26,1,0,2,6,1,0,0,10,11,0,4,0,0,0,0
ZAG,Igor,0,0,0,0,0,0,0,0,0,0,0,0,0,0,0,0,0,0
ZAG,Marcão,0,0,0,0,0,0,0,0,0,0,0,0,0,0,0,0,0,0
ZAG,Geovane,0,0,0,0,0,0,0,0,0,0,0,0,0,0,0,0,0,0
ZAG,Tiago Alves,1,0,0,0,0,0,0,0,0,0,0,0,0,0,0,0,0,0
ZAG,Tiago,5,3,18,0,0,0,2,1,0,0,8,4,0,0,0,0,0,0
ZAG,Thiago Martins,14,9,22,0,0,0,3,2,1,0,14,24,1,4,0,0,0,0
ZAG,Luis Gustavo,0,0,0,0,0,0,0,0,0,0,0,0,0,0,0,0,0,0
ZAG,Tonhão,0,0,0,0,0,0,0,0,0,0,0,0,0,0,0,0,0,0
ZAG,Eriks,0,0,0,0,0,0,0,0,0,0,0,0,0,0,0,0,0,0
ZAG,Denilson,0,0,0,0,0,0,0,0,0,0,0,0,0,0,0,0,0,0
ZAG,Juan,6,2,8,0,0,0,3,0,0,0,7,1,0,1,0,0,0,0
ZAG,Ronaldo,4,1,6,0,0,0,0,0,0,0,5,4,0,1,0,0,0,0
ZAG,Fred,9,4,18,0,0,0,2,1,1,0,7,8,0,1,0,0,0,0
ZAG,Alan Costa,5,4,10,0,0,0,1,0,0,0,3,10,0,3,0,0,0,0
ZAG,Vinicius,1,2,1,0,0,0,0,0,0,0,0,0,0,0,0,0,0,0
ZAG,Fabrício Bruno,7,1,5,0,0,0,1,1,0,0,4,0,0,1,0,0,0,0
ZAG,Marcelo,1,1,0,0,0,0,0,0,0,0,0,1,0,0,0,0,0,0
ZAG,Edcarlos,6,5,18,0,0,1,1,0,0,0,9,9,0,3,0,0,0,0
ZAG,Luan Peres,8,6,18,0,0,0,0,0,0,0,6,9,0,2,1,0,0,0
ZAG,Bruno,0,0,0,0,0,0,0,0,0,0,0,0,0,0,0,0,0,0
ZAG,Bruno Viana,13,5,35,0,0,2,2,0,0,0,11,10,0,6,0,0,0,0
ZAG,Lugano,13,5,35,0,0,0,4,2,3,0,8,14,0,5,1,0,0,0
ZAG,Bruno Alves,27,11,60,0,0,1,1,1,4,0,37,26,0,3,0,0,0,0
ZAG,Marcão,10,7,3,0,0,1,2,0,0,0,2,10,0,2,0,0,0,0
ZAG,Gabriel,11,10,29,1,0,1,2,0,0,0,11,9,0,2,0,0,0,0
ZAG,Yerry Mina,7,7,20,0,0,2,3,4,0,0,9,10,0,3,0,0,0,0
ZAG,Manoel,10,11,24,0,0,0,4,0,1,0,4,6,0,0,1,0,0,0
ZAG,Ernando,29,9,47,3,0,3,8,2,0,0,26,23,0,3,0,0,0,0
LAT,Tiago Costa,17,22,47,1,0,3,4,2,3,0,28,38,1,4,0,0,0,0
LAT,João Pedro,1,2,3,0,0,0,0,0,0,0,1,6,0,0,0,0,0,0
LAT,Diogo Barbosa,21,34,76,1,0,1,2,2,2,0,27,21,0,4,0,0,0,0
LAT,Leandro Silva,0,0,0,0,0,0,0,0,0,0,0,0,0,0,0,0,0,0
LAT,Mayke,4,1,2,1,0,0,0,0,0,0,7,5,0,2,0,0,0,0
LAT,Norberto,7,8,18,0,0,0,0,0,0,0,16,11,0,2,1,0,0,0
LAT,Luis Ricardo,19,12,87,4,2,5,3,0,0,0,32,5,0,1,0,0,0,0
LAT,Jonathan,11,6,30,0,0,1,1,0,1,0,11,6,0,2,0,0,0,0
LAT,Marcos Rocha,13,22,66,3,0,0,4,0,2,0,36,20,0,3,1,0,0,0
LAT,Caramelo,4,5,4,0,0,0,0,0,0,0,4,5,0,1,0,0,0,0
LAT,Sinho,0,0,0,0,0,0,0,0,0,0,0,0,0,0,0,0,0,0
LAT,Thiago Ennes,0,0,0,0,0,0,0,0,0,0,0,0,0,0,0,0,0,0
LAT,Adson,0,0,0,0,0,0,0,0,0,0,0,0,0,0,0,0,0,0
LAT,Pablo,15,21,66,0,0,1,5,0,2,0,18,14,0,2,1,0,0,0
LAT,Arthur Henrique,0,0,0,0,0,0,0,0,0,0,0,0,0,0,0,0,0,0
LAT,Raul,0,0,0,0,0,0,0,0,0,0,0,0,0,0,0,0,0,0
LAT,Kaike,0,0,0,0,0,0,0,0,0,0,0,0,0,0,0,0,0,0
LAT,Artur,20,11,71,1,0,1,3,0,1,0,29,43,0,7,0,0,0,0
LAT,Euller,19,20,49,1,0,3,2,1,0,0,25,22,0,4,0,0,0,0
LAT,Matheus Reis,15,12,31,1,0,2,0,0,0,0,16,29,0,1,1,0,0,0
LAT,Geferson,8,2,13,1,0,0,1,0,1,0,5,9,0,3,0,0,0,0
LAT,Lucas Lovat,0,0,0,0,0,0,0,0,0,0,0,0,0,0,0,0,0,0
LAT,Mansur,1,0,2,0,0,0,0,0,0,0,0,0,0,0,0,0,0,0
LAT,Igor Julião,3,4,6,0,0,0,0,0,0,0,2,2,0,1,0,0,0,0
LAT,Jeferson,17,11,42,0,1,0,2,1,1,0,12,23,0,5,0,0,0,0
LAT,Bruno Santos,0,0,0,0,0,0,0,0,0,0,0,0,0,0,0,0,0,0
LAT,Evandro,0,0,0,0,0,0,0,0,0,0,0,0,0,0,0,0,0,0
LAT,Diogo Vitor,2,0,1,0,0,0,0,0,1,0,1,1,0,0,0,0,0,0
LAT,Iago,2,1,6,0,0,0,0,0,0,0,3,4,0,1,0,0,0,0
LAT,Dodô,21,23,59,2,0,2,1,0,1,0,22,9,0,2,0,0,0,0
LAT,Carlinhos,14,32,47,1,0,1,2,1,0,0,26,24,0,5,0,0,0,0
LAT,Rafael Galhardo,5,9,22,0,0,2,2,0,0,0,3,4,0,0,0,0,0,0
LAT,Raphinha,2,2,15,0,0,0,0,0,0,0,5,5,0,2,0,0,0,0
LAT,Bruno Pereirinha,0,0,0,0,0,0,0,0,0,0,0,0,0,0,0,0,0,0
LAT,Danilo Barcelos,27,16,70,2,0,15,14,3,1,0,15,29,0,3,0,0,0,0
LAT,Ayrton,2,3,2,0,0,0,0,0,0,0,2,3,0,0,0,0,0,0
LAT,Caju,10,2,21,2,0,0,0,0,1,0,19,11,0,1,0,0,0,0
LAT,Cascardo,0,0,0,0,0,0,0,0,0,0,0,0,0,0,0,0,0,0
LAT,Diego,3,5,9,0,0,0,0,0,0,0,7,5,0,1,0,0,0,0
LAT,Danylo Fernandes,0,0,0,0,0,0,0,0,0,0,0,0,0,0,0,0,0,0
LAT,Giovanni,9,7,30,0,0,1,3,0,1,0,12,6,0,3,0,0,0,0
LAT,Renatinho,2,1,4,0,0,1,2,0,0,0,0,0,0,0,0,0,0,0
LAT,Emerson,0,0,0,0,0,0,0,0,0,0,0,0,0,0,0,0,0,0
LAT,Bruno Teles,6,3,13,0,0,1,2,0,0,0,7,4,0,0,0,0,0,0
LAT,Fabiano,2,0,5,0,0,2,0,0,0,0,4,3,0,0,0,0,0,0
LAT,Guilherme Arana,6,1,7,0,0,0,3,0,0,0,5,7,0,1,0,0,0,0
LAT,Lucas,20,16,69,1,0,5,7,0,2,0,14,34,1,4,3,0,0,0
LAT,Sidcley,21,29,58,0,0,3,2,0,1,0,24,18,0,3,0,0,0,0
LAT,Wesley,0,0,0,0,0,0,0,0,0,0,0,0,0,0,0,0,0,0
LAT,Auro,6,2,10,0,0,1,1,0,0,0,4,3,0,0,0,0,0,0
LAT,Guilherme Morassi,1,0,0,0,0,0,0,0,0,0,0,0,0,0,0,0,0,0
LAT,Ortega,0,0,0,0,0,0,0,0,0,0,0,0,0,0,0,0,0,0
LAT,Chiquinho,6,3,16,0,0,2,0,0,0,0,4,4,0,1,0,0,0,0
LAT,Marlon,1,0,0,0,0,0,0,0,0,0,1,1,0,0,0,0,0,0
LAT,Fagner,25,44,123,3,0,1,7,1,0,0,54,34,0,7,0,0,0,0
LAT,Hélder,9,12,30,2,0,0,1,0,1,0,12,19,0,2,0,0,0,0
LAT,Rodinei,13,18,39,0,0,2,6,0,1,0,18,7,0,1,0,0,0,0
LAT,Breno Lopes,2,2,5,0,0,0,0,0,0,0,1,8,0,0,0,0,0,0
LAT,Matheus Oliveira,0,0,0,0,0,0,0,0,0,0,0,0,0,0,0,0,0,0
LAT,Vitinho,0,0,0,0,0,0,0,0,0,0,0,0,0,0,0,0,0,0
LAT,Emerson Conceição,1,1,1,0,0,0,0,0,0,0,3,1,0,0,0,0,0,0
LAT,Marcinho,0,0,0,0,0,0,0,0,0,0,0,0,0,0,0,0,0,0
LAT,Fabrício,4,2,4,0,0,0,0,0,0,0,3,0,0,1,0,0,0,0
LAT,Claudio Winck,5,4,13,0,0,0,0,0,0,0,7,6,0,0,0,0,0,0
LAT,Caixinha,0,0,0,0,0,0,0,0,0,0,0,0,0,0,0,0,0,0
LAT,Maicon,0,0,0,0,0,0,0,0,0,0,0,0,0,0,0,0,0,0
LAT,Victor Lindenberg,0,0,0,0,0,0,0,0,0,0,0,0,0,0,0,0,0,0
LAT,Wallace Oliveira,3,0,7,0,0,0,2,0,0,0,3,6,0,0,0,0,0,0
LAT,Marcelo Hermes,9,8,35,1,0,0,2,2,0,0,13,12,0,2,0,0,0,0
LAT,Mário Sérgio,3,2,4,0,0,0,0,0,0,0,5,3,0,2,0,0,0,0
LAT,Egídio,12,11,52,0,0,1,4,0,1,0,26,12,0,0,0,0,0,0
LAT,Pará,8,13,9,0,0,0,1,0,0,0,13,9,0,2,0,0,0,0
LAT,Vítor,6,5,14,0,0,1,1,0,0,0,9,3,0,1,0,0,0,0
LAT,Renê,15,25,65,1,0,0,2,0,0,0,36,14,1,3,0,0,0,0
LAT,Bruno,15,16,50,2,0,1,0,0,0,0,18,28,0,4,0,0,0,0
LAT,Allan,12,11,45,1,0,1,4,0,0,0,14,25,0,1,1,0,0,0
LAT,Edimar,16,17,66,0,0,1,7,0,1,0,22,23,0,3,0,0,0,0
TEC,Daniel Paulista,0,0,0,0,0,0,0,0,0,0,0,0,0,0,0,0,0,0
MEI,Alan Patrick,25,41,70,5,0,12,11,4,3,1,19,15,0,2,0,0,0,0
MEI,Dudu Cearense,11,16,22,0,0,1,2,0,2,0,17,17,0,2,0,0,0,0
ATA,Kelvin,23,38,49,4,2,12,5,1,5,0,12,17,0,2,0,0,0,0
ZAG,Danny Morais,29,13,57,0,0,5,4,0,4,0,16,23,1,3,0,0,0,0
ZAG,Ramon,26,20,38,0,1,3,2,0,0,0,25,32,0,2,1,0,0,0
LAT,Samuel Xavier,28,50,72,2,0,4,6,0,1,0,27,36,0,8,0,0,0,0
MEI,Jean Mota,17,20,25,5,1,3,5,2,0,0,13,9,0,2,0,0,0,0
ATA,Arthur,28,44,69,1,0,12,15,5,9,0,20,27,0,1,0,0,0,0
ZAG,Réver,22,16,34,0,1,2,9,1,2,0,22,15,0,1,0,0,0,0
LAT,Apodi,8,4,8,0,1,1,4,0,1,0,5,15,0,2,0,0,0,0
MEI,Yuri,15,6,10,0,0,0,0,1,0,0,6,10,0,2,0,0,0,0
MEI,Tiago Real,19,20,36,0,0,1,5,0,1,0,10,28,0,2,0,0,0,0
MEI,Jailson,21,24,58,0,0,2,6,2,0,0,28,29,0,3,0,0,0,0
MEI,Arrascaeta,25,51,99,7,1,12,24,6,2,1,39,31,0,6,0,0,0,0
ATA,Cueva,16,35,64,2,1,6,8,5,1,1,20,18,0,6,0,0,0,0
ATA,Alecsandro,8,2,11,0,0,3,1,2,0,0,0,9,0,0,0,0,0,0
TEC,Oswaldo de Oliveira,30,0,0,0,0,0,0,0,0,0,0,0,0,0,0,0,0,0
MEI,Valdívia,19,30,40,1,0,4,11,2,1,1,9,12,0,0,0,0,0,0
MEI,Gervasio Núñez,14,10,13,0,1,3,4,1,1,0,2,10,0,1,0,0,0,0
ATA,Willian,25,27,26,0,2,16,14,3,9,0,14,26,0,4,0,0,0,0
ATA,Vinícius Araújo,12,7,13,1,0,1,2,2,5,0,3,10,0,4,0,0,0,0
ATA,Kazim,14,19,31,1,1,8,9,3,5,0,5,31,0,3,0,0,0,0
ATA,Lins,17,17,32,1,0,4,3,3,5,0,11,20,0,0,0,0,0,0
MEI,Wagner,2,0,3,0,0,0,0,0,0,0,0,1,0,0,0,0,0,0
ATA,Vinicius,14,20,27,1,0,6,7,0,1,0,2,9,0,1,0,0,0,0
ZAG,Paulo André,20,15,49,1,0,3,4,2,0,0,9,13,0,3,0,0,0,0
MEI,Moisés,28,35,103,0,0,16,23,3,0,0,47,22,0,5,0,0,0,0
ATA,Marcelo Cirino,23,36,48,0,0,6,13,2,5,0,5,15,0,2,0,0,0,0
ZAG,Pedro Henrique,10,4,15,0,0,1,1,0,0,0,6,5,0,2,0,0,0,0
ATA,Ricardo Oliveira,12,11,17,2,1,7,11,6,15,0,0,12,0,3,0,0,0,0
ZAG,Gum,28,10,80,1,0,4,11,1,4,0,31,34,1,4,0,0,0,0
LAT,Ceará,14,14,35,0,0,0,4,0,1,0,6,4,0,0,0,0,0,0
ATA,Emerson,6,9,8,1,1,1,0,0,1,0,3,6,0,1,0,0,0,0
MEI,Cleiton Xavier,25,13,65,6,0,5,4,3,2,0,12,22,0,2,0,0,0,0
ATA,Robinho,25,42,80,4,0,10,12,11,25,0,13,31,0,2,0,0,0,0
ZAG,Kanu,19,7,33,0,0,5,7,3,9,0,11,25,0,8,0,0,0,0
ZAG,Matheus Ferraz,25,13,68,0,0,2,5,2,3,0,16,41,0,3,1,0,0,0
MEI,Uillian Correia,25,23,53,2,0,2,3,0,0,0,40,48,0,7,1,0,0,0
MEI,Ferrugem,20,30,51,0,0,8,4,2,1,0,24,23,0,8,0,0,0,0
MEI,Marcos Guilherme,18,10,27,1,0,4,3,0,3,0,9,5,0,0,0,0,0,0
ATA,Robson,4,5,3,0,0,2,3,0,1,0,0,8,0,1,0,0,0,0
ATA,Everton Santos,10,11,10,0,0,0,2,0,1,0,0,7,0,0,0,0,0,0
MEI,Willians,7,9,8,0,0,0,1,0,0,0,5,4,0,1,0,0,0,0
MEI,Tony,6,1,15,0,0,0,0,0,0,0,1,4,0,0,0,0,0,0
MEI,Diego Souza,26,40,87,5,1,17,17,10,5,0,16,38,0,3,1,0,0,0
ATA,Rafael Moura,22,33,46,0,3,17,20,7,28,0,7,57,0,5,1,0,0,0
ATA,Everton,21,25,43,1,1,18,17,2,5,0,15,21,0,2,0,0,0,0
MEI,Hernani,22,17,74,0,1,10,10,5,2,0,30,34,0,8,0,0,0,0
ZAG,Paulão,23,20,54,0,0,5,9,0,3,1,33,24,0,10,0,0,0,0
LAT,Léo,22,42,80,3,0,0,2,1,0,0,27,40,0,9,1,0,0,0
MEI,César González,11,13,27,1,0,1,2,0,1,0,5,7,0,1,0,0,0,0
ATA,Gabriel Jesus,21,76,54,4,1,20,20,11,22,0,14,52,0,8,0,0,0,0
ATA,Ábila,15,26,35,1,2,11,8,7,23,0,1,14,0,5,0,0,0,0
MEI,Dodô,16,34,60,1,0,3,7,3,1,0,15,16,0,5,0,0,0,0
LAT,Carlinhos,12,11,25,0,1,0,7,0,1,0,5,13,0,2,0,0,0,0
GOL,Denis,29,1,12,0,0,0,0,0,0,0,0,0,0,1,0,42,1,30
LAT,Mena,13,6,45,1,0,3,0,0,4,0,20,23,1,4,1,0,0,0
MEI,Renato,8,6,7,0,0,0,1,0,0,0,6,15,0,2,0,0,0,0
ATA,Juninho,7,4,5,0,0,2,0,0,2,0,2,5,0,1,0,0,0,0
ZAG,Neris,18,20,39,1,0,0,0,0,1,0,26,20,0,7,0,0,0,0
LAT,William,25,30,120,4,0,9,8,0,2,0,47,50,0,6,0,0,0,0
ATA,Rogério,24,40,40,2,1,15,18,5,5,0,9,24,0,2,0,0,0,0
MEI,Sérgio Manoel,14,21,34,0,0,3,2,1,1,0,16,19,0,5,0,0,0,0
ATA,Vinícius Tanque,9,6,10,1,0,1,3,0,5,0,1,9,0,2,0,0,0,0
LAT,William Matheus,16,21,38,1,1,1,3,0,6,0,17,18,1,2,0,0,0,0
GOL,Júlio César,8,2,4,0,0,0,0,0,0,0,0,0,0,0,0,8,0,10
ATA,Marion,6,8,9,0,0,2,0,0,1,0,7,7,0,1,0,0,0,0
MEI,João Vitor,26,42,82,2,0,2,4,0,0,0,54,87,0,10,0,0,0,0
MEI,Gabriel Xavier,26,30,65,3,1,7,10,3,1,0,26,30,0,3,1,0,0,0
GOL,Edson Kölln,3,1,4,0,0,0,0,0,0,0,0,0,0,0,0,6,0,10
